id,domain,status,purchase_price,renewal_price,attractiveness,demand,length,registrar,created_at,expires_at,status_verified_at
1cfb62d6-a77c-46cb-804c-8e7e72b06c50,ineptitude.hiv,available,195.99,195.99,medium,low,10,namesilo,,,21/09/2026 10:06
42a84cbc-a057-4124-9352-d6e9030586f5,academia.hiv,available,184.9,184.9,high,low,8,spaceship,,,28/09/2026 08:49
b4f29de7-34ef-4f82-8965-b38fb3ae8fce,incessant.hiv,available,184.99,184.99,medium,low,9,name.com,,,11/08/2026 23:04
b47bcc2b-61d4-4717-a848-a9a4b01839bf,credited.hiv,available,184.9,184.9,high,low,8,spaceship,,,01/10/2026 06:00
454952b9-dd69-4003-9318-033bf7c45184,spheres.hiv,available,195.99,195.99,medium,low,7,namesilo,,,20/09/2026 04:06
ccfdd49b-39b2-4fe4-977e-8c8c97d7c9ca,defends.hiv,available,191.75,191.75,medium,low,7,dynadot,,,02/10/2026 02:36
20c38dc5-b62c-413f-8411-d4c45853faff,weep.hiv,available,195.99,195.99,high,low,4,namesilo,,,29/09/2026 14:16
38985040-65dc-44d7-b440-700a35fe16c7,taciturn.hiv,available,195.99,195.99,medium,low,8,namesilo,,,11/09/2026 06:58
f8b14085-556b-4ecf-8e27-8ca402793384,jewelry.hiv,available,195.99,195.99,high,low,7,namesilo,,,30/09/2026 00:51
5fd6695d-1686-47b5-88e4-64e51ee5b5f8,rebuild.hiv,available,184.9,184.9,high,low,7,spaceship,,,28/09/2026 06:58
19d88457-3810-435f-bdc3-e8ba12b40986,hostesses.hiv,available,195.99,195.99,medium,low,9,namesilo,,,20/09/2026 07:50
ad1a841d-3af9-46d1-a38e-b299fd401a5f,archie.hiv,available,184.9,184.9,high,low,6,spaceship,,,28/09/2026 03:27
0970c205-50f4-45e7-a478-0692c0cc89ca,octagonal.hiv,available,184.99,184.99,medium,low,9,name.com,,,04/09/2026 00:37
e79f8f66-a92d-4c28-ab0a-35e3f113d90a,frizzly.hiv,available,184.99,184.99,medium,low,7,name.com,,,18/08/2026 16:06
bcff396d-6bb9-4f21-a58d-24b6378ec42a,photograph.hiv,available,195.99,195.99,high,low,10,namesilo,,,26/09/2026 00:03
12e6afe5-c5d4-4f32-bf25-9ebce0086465,andean.hiv,available,184.99,184.99,high,low,6,name.com,,,
f1c17f4d-83a7-48f9-aa25-e30394231097,buren.hiv,available,195.99,195.99,medium,low,5,namesilo,,,27/09/2026 20:26
aebc9012-0eee-4e0a-85ab-0468347b731a,often.hiv,available,195.99,195.99,high,low,5,namesilo,,,28/09/2026 14:58
ae236b1f-8e8b-4f5e-bde0-52b7f60382a3,associations.hiv,available,195.99,195.99,medium,low,12,namesilo,,,02/10/2026 02:38
af8bfeaa-870d-491a-bc78-ea176a9b684a,basileus.hiv,available,195.99,195.99,medium,low,8,namesilo,,,22/09/2026 10:47
ddb1b4f5-38c1-4d6b-b3f5-79b5b365af07,becloud.hiv,available,195.99,195.99,medium,low,7,namesilo,,,03/09/2026 23:53
b7fe6042-fb61-4e04-b240-53efe89e43c3,slipstream.hiv,available,195.99,195.99,high,low,10,namesilo,,,21/09/2026 16:20
2f9d4ae7-768e-4be4-8b53-7434f7911eb8,bergen.hiv,available,195.99,195.99,high,low,6,namesilo,,,23/09/2026 09:19
4c79c636-ba06-494a-b91a-7fb54dd1059a,surname.hiv,available,184.86,184.86,high,low,7,porkbun,,,29/09/2026 06:51
b32e8243-5e76-4396-bdc0-165cf1eb5753,cells.hiv,available,184.99,,high,low,5,name.com,,,
496ded0e-6901-4309-bd5a-d76623f5ce74,coarse.hiv,available,184.99,184.99,medium,low,6,name.com,,,12/08/2026 13:56
6ebaa75b-24a2-4cfd-9bc6-6095848471d1,darn.hiv,available,184.99,184.99,high,low,4,name.com,,,13/08/2026 16:10
7d072970-8cc5-4ebb-ab20-e7f7f411b03b,outlets.hiv,available,195.99,195.99,medium,low,7,namesilo,,,21/09/2026 06:33
089997d1-119b-49ae-9bb2-cc292d0abdc1,grinder.hiv,available,184.99,184.99,medium,low,7,name.com,,,25/08/2026 03:40
eb61362b-44d3-4115-bdeb-cdad911c54f0,void.hiv,available,195.99,195.99,high,medium,4,namesilo,,,25/09/2026 23:24
108d4d59-3d0f-4f9f-a22f-395713d76ef9,silverware.hiv,available,195.99,195.99,high,low,10,namesilo,,,30/09/2026 02:53
8c1e1343-2ac5-4f57-879d-f37b4c168597,snub.hiv,available,195.99,195.99,high,medium,4,namesilo,,,10/09/2026 12:47
3b7c70d4-9600-4f34-aedb-805fcd617c11,expressed.hiv,available,184.99,184.99,high,low,9,name.com,,,17/08/2026 18:26
86a5b499-ee3e-4ebb-a80c-7975eae25cc7,broadloom.hiv,available,184.99,184.99,medium,low,9,name.com,,,11/08/2026 04:59
8567f2bc-a55a-4a51-9345-943dfd12a3e3,osgood.hiv,available,195.99,195.99,high,low,6,namesilo,,,29/09/2026 09:55
386fecfc-b3de-4935-bdfe-323ddf625212,athabascan.hiv,available,,,medium,low,10,,,,20/09/2026 20:23
97bfaad6-21a6-4409-9b14-c09802f83ba0,orangish.hiv,available,195.99,195.99,medium,low,8,namesilo,,,04/09/2026 17:26
4e8c5e09-31ee-4fbd-9de6-7096083cd091,beira.hiv,available,195.99,195.99,medium,low,5,namesilo,,,23/09/2026 04:20
c07f08a1-73bc-4de2-a517-2c226a2202ad,toon.hiv,available,195.99,195.99,high,low,4,namesilo,,,19/09/2026 09:01
14807579-4701-458a-9fdb-8526255bd02c,excellency.hiv,available,195.99,195.99,medium,low,10,namesilo,,,29/09/2026 00:51
7a8d110b-21e7-41e5-a231-31109bb5eeb3,subliminal.hiv,available,195.99,195.99,high,low,10,namesilo,,,11/09/2026 00:08
74002bfb-2034-4aa9-bd3a-db362f472b82,forehead.hiv,available,195.99,195.99,high,low,8,namesilo,,,29/09/2026 04:37
e25f4cef-3857-4883-ae39-88afd6a8a75c,irresistible.hiv,available,195.99,195.99,high,low,12,namesilo,,,29/09/2026 14:37
65f76f4a-51d3-46f8-befe-cd966960945c,bruise.hiv,available,191.75,191.75,medium,low,6,dynadot,,,29/09/2026 04:45
15787c82-9b58-4339-a962-fc01176e01bd,caves.hiv,available,184.9,184.9,medium,low,5,spaceship,,,28/09/2026 13:19
8019871e-761d-4e83-9ccd-f0a75a021d3e,energiser.hiv,available,195.99,195.99,medium,low,9,namesilo,,,19/09/2026 09:08
4863a919-f688-4263-a006-c53166f0691e,abby.hiv,available,195.99,195.99,high,low,4,namesilo,,,27/09/2026 07:09
3f06455a-bf83-4ac8-9b9a-4ef78305c29a,lomax.hiv,available,184.9,184.9,medium,low,5,spaceship,,,29/09/2026 22:37
1ce3d684-099a-4caa-a19d-f274c12239f8,occasion.hiv,available,195.99,195.99,high,low,8,namesilo,,,30/09/2026 01:05
52f30257-d8e6-4f5e-bd13-8500a6f48607,osman.hiv,available,184.9,184.9,medium,low,5,spaceship,,,28/09/2026 22:06
89e38048-94c2-40ea-a660-9e8e42a2e427,fumbling.hiv,available,184.99,184.99,medium,low,8,name.com,,,11/08/2026 10:05
5b4b76a2-8e31-4322-b177-54de0f6cb58a,planning.hiv,available,195.99,195.99,high,low,8,namesilo,,,30/09/2026 07:00
3ff785c9-680b-42f1-922b-cd1579b4d153,barclay.hiv,available,195.99,195.99,high,low,7,namesilo,,,27/09/2026 03:05
f524693b-6c3a-4557-bb11-c4e852c622d1,billfold.hiv,available,195.99,195.99,high,low,8,namesilo,,,23/09/2026 16:16
aa1f8544-f023-4516-846f-fc0cc96d7709,alerting.hiv,available,195.99,195.99,high,low,8,namesilo,,,18/09/2026 05:27
13a42cfa-f550-433a-8ef5-f0c66a80edc8,practising.hiv,available,184.9,184.9,high,low,10,spaceship,,,30/09/2026 04:09
a27a0647-c0ad-4f87-9980-b0105004e603,footsteps.hiv,available,184.9,184.9,medium,low,9,spaceship,,,28/09/2026 12:42
1503c29a-241c-4c8f-8c0c-382c46657e14,arioso.hiv,available,195.99,195.99,medium,low,6,namesilo,,,20/09/2026 05:35
7531ddd4-4d9f-4e30-bee0-262eb55678e9,redirect.hiv,available,195.99,195.99,high,low,8,namesilo,,,30/09/2026 11:21
8f23ca16-f62c-418d-a729-6afd0a56925c,picked.hiv,available,184.9,184.9,high,low,6,spaceship,,,01/10/2026 08:56
b1a03aa0-5c50-4e83-8e30-39b0362304f3,entangled.hiv,available,184.99,184.99,medium,low,9,name.com,,,16/08/2026 13:26
5249f4cb-2392-465c-b508-0460e142041c,results.hiv,available,184.99,184.99,high,low,7,name.com,,,
14436249-5f2f-405a-b44d-232c402acc8c,implications.hiv,available,184.9,184.9,medium,low,12,spaceship,,,29/09/2026 17:18
3d01015a-50c2-4a14-85c4-cad86a09597c,younger.hiv,available,195.99,195.99,high,low,7,namesilo,,,25/09/2026 12:10
7c3f210a-4945-4475-99c1-02c576651e05,turkestan.hiv,available,195.99,195.99,medium,low,9,namesilo,,,30/09/2026 03:05
bb9144a5-e8d3-4a01-aaa6-f8ec5b49cf61,manpower.hiv,available,195.99,195.99,high,low,8,namesilo,,,28/09/2026 14:49
90ee5a72-a842-41a1-b2e6-a6fbe50dcc79,inseparable.hiv,available,195.99,195.99,high,low,11,namesilo,,,01/10/2026 04:48
920048ae-1402-4849-9a99-9c02e1b107a2,deserving.hiv,available,184.99,184.99,high,low,9,name.com,,,14/08/2026 03:29
62fefd59-46ae-4aa4-8cfd-4bf4207bdfce,troy.hiv,available,184.9,184.9,high,low,4,spaceship,,,29/09/2026 19:15
57dabf02-2043-4027-a46b-b50fffae461d,carolina.hiv,available,184.9,184.9,high,low,8,spaceship,,,28/09/2026 01:35
a09cc29b-ac4c-4cdd-a149-dc97cf238d41,atropos.hiv,available,195.99,195.99,medium,low,7,namesilo,,,21/09/2026 01:01
9f4d180b-3025-40d2-a955-5a2210451f15,dunedin.hiv,available,195.99,195.99,medium,low,7,namesilo,,,29/09/2026 03:53
05998970-d400-414a-9708-95ee2c357c6d,font.hiv,available,195.99,195.99,high,low,4,namesilo,,,22/09/2026 03:31
8386760a-89b2-464f-8673-23bb12624fa4,unwell.hiv,available,184.99,184.99,high,low,6,name.com,,,
9fca742c-99f7-4e3e-af4a-476800a29ec8,rawlings.hiv,available,184.9,184.9,medium,low,8,spaceship,,,30/09/2026 05:43
3ef7dde4-9839-423a-9c31-deca1f1d199a,dike.hiv,available,184.99,184.99,medium,low,4,name.com,,,11/08/2026 11:33
04081635-0b26-4ae5-9832-27dd8eb3d33e,turner.hiv,available,195.99,195.99,high,low,6,namesilo,,,29/09/2026 00:58
42fbde03-aef0-49fc-889e-53d425ba7d24,impala.hiv,available,195.99,195.99,medium,low,6,namesilo,,,17/09/2026 12:44
b9c38883-421b-4b49-96ae-f0d5c6f62d58,colfax.hiv,available,184.9,184.9,medium,low,6,spaceship,,,30/09/2026 13:56
67b61b0d-0488-4ffc-b899-c4835fc56cd8,skirting.hiv,available,195.99,195.99,medium,low,8,namesilo,,,20/09/2026 08:31
ff487842-94be-4f55-8cf4-d7383458ce06,fatal.hiv,available,184.99,184.99,high,low,5,name.com,,,23/09/2026 12:24
b997e366-af66-4a6e-97ff-424777754c4d,reads.hiv,available,195.99,195.99,medium,low,5,namesilo,,,19/09/2026 00:45
fcc209a2-de94-48fa-8444-223d1519b6f0,lin.hiv,available,195.99,195.99,high,low,3,namesilo,,,28/09/2026 10:15
14e45ea0-3e37-463e-81b3-95b8c92bc90b,botticelli.hiv,available,195.99,195.99,high,low,10,namesilo,,,18/09/2026 05:31
abdbf87d-2f21-4d8e-bdf7-490a4ee4b09d,downwards.hiv,available,184.99,184.99,medium,low,9,name.com,,,14/08/2026 17:16
c798759b-60f4-4480-9dc9-5a39d743db32,warheads.hiv,available,184.9,184.9,low,low,8,spaceship,,,02/10/2026 04:03
3e298678-cb1f-44ee-8718-775d5d9f7036,sasquatch.hiv,available,195.99,195.99,high,low,9,namesilo,,,23/09/2026 15:07
59855652-b850-4984-b04c-99307cfe080d,liveliness.hiv,available,191.75,191.75,high,low,10,dynadot,,,30/09/2026 02:30
efd26c01-8c35-4ae9-98df-dfd255c63653,tung.hiv,available,195.99,195.99,medium,low,4,namesilo,,,18/09/2026 05:36
b296cc73-d774-4e6f-a757-0513e9917a66,fool.hiv,available,184.99,184.99,medium,low,4,name.com,,,12/08/2026 15:15
981cbd75-2e2d-475e-9bbf-6183ac295ec2,voltage.hiv,available,184.9,184.9,high,low,7,spaceship,,,29/09/2026 00:46
b735e438-141c-448e-b456-b5406fdbc487,predacious.hiv,available,195.99,195.99,high,medium,10,namesilo,,,09/09/2026 01:21
88485cdd-9b1c-4aae-937b-e6c0686b4cb2,dipylon.hiv,available,184.99,184.99,medium,low,7,name.com,,,14/08/2026 08:43
efbcf98c-1392-474c-ae24-f342bcae35ae,kanaf.hiv,available,195.99,195.99,medium,low,5,namesilo,,,23/09/2026 16:56
58e735ad-6e0b-491f-99c4-de506cd355ee,thunderbolt.hiv,available,184.9,184.9,high,low,11,spaceship,,,01/10/2026 05:34
d6309535-b16e-475c-9a85-62bd4883fc7f,fringe.hiv,available,195.99,195.99,high,low,6,namesilo,,,29/09/2026 01:02
d887294b-3076-4ff9-b82d-ccb656e9b7e5,dryer.hiv,available,195.99,195.99,medium,low,5,namesilo,,,29/09/2026 18:42
064a96ab-498e-4090-88a4-f7f84b12f9b4,swelled.hiv,available,195.99,195.99,medium,low,7,namesilo,,,11/09/2026 05:38
5c469518-6b34-409c-9823-32e4734f2d0a,saar.hiv,available,195.99,195.99,high,low,4,namesilo,,,30/09/2026 05:11
4057e9e8-4164-43ac-8bd6-d50730e1a78f,allamerican.hiv,available,195.99,195.99,high,low,12,namesilo,,,01/10/2026 22:44
e00aa267-6e03-42e7-9436-e57fabb17815,pour.hiv,available,184.9,184.9,high,low,4,spaceship,,,30/09/2026 18:27
7b98d9c3-fd9a-4f46-b965-008e89785c6e,aimlessly.hiv,available,,,medium,low,9,,,,13/09/2026 18:28
1e2acfb0-0aa8-4996-9c57-599fcbc2255a,flooding.hiv,available,184.9,184.9,medium,low,8,spaceship,,,29/09/2026 00:57
799f13c7-ac5d-42a4-85f5-023407709285,dispatches.hiv,available,195.99,195.99,medium,low,10,namesilo,,,02/10/2026 04:00
a1cf4ef1-8907-4765-8a8a-a7955a87f15d,knights.hiv,available,184.9,184.9,high,low,7,spaceship,,,27/09/2026 18:23
536ac3cc-6927-439b-84ae-2d4b779eee2a,charlie.hiv,available,,,high,medium,7,,,,25/09/2026 18:14
dba9d84c-4a08-4954-8f97-c4adfb567905,processing.hiv,available,195.99,195.99,high,low,10,namesilo,,,28/09/2026 15:08
f4fa1054-320a-4363-a947-b1e1f4896bb7,viscid.hiv,available,184.99,184.99,medium,low,6,name.com,,,20/08/2026 15:23
c382b002-3cad-459a-9666-f1e28630d432,agents.hiv,available,195.99,195.99,high,medium,6,namesilo,,,01/10/2026 17:27
df532418-fcca-4aaa-b7a5-6578fde1b1a4,wives.hiv,available,184.99,,medium,low,5,name.com,,,
9f2a5b9c-74b8-4d9b-8ca4-8ede83e1a009,backer.hiv,available,195.99,195.99,high,low,6,namesilo,,,21/09/2026 15:26
86d9efb7-b271-4af1-a41b-ba7e72a46e53,marian.hiv,available,184.99,184.99,high,low,6,name.com,,,24/08/2026 15:53
3626cb57-34f6-4a60-a43c-47e48da116ee,contrite.hiv,available,184.99,184.99,high,low,8,name.com,,,12/08/2026 23:34
1420c62d-b424-4586-a21b-12573a669224,carboxyl.hiv,available,184.99,184.99,medium,low,8,name.com,,,11/08/2026 18:44
bcab49e5-5039-4da4-8d42-93939e1b6bb4,alizarine.hiv,available,195.99,195.99,medium,low,9,namesilo,,,18/09/2026 08:13
5798ad86-b061-4854-97d5-8ee892b414ad,armed.hiv,available,195.99,195.99,high,low,5,namesilo,,,22/09/2026 07:55
fa6c8fff-b8e4-467a-abfd-cd0a613d6bd3,prim.hiv,available,184.99,184.99,high,low,4,name.com,,,13/08/2026 15:46
90bc5f47-b261-4bab-9d0e-cc0bc10e25f2,fatefully.hiv,available,,,medium,low,9,,,,14/09/2026 17:53
0c72a160-af21-4b1b-99ab-bc5faa5663fa,impose.hiv,available,195.99,195.99,medium,low,6,namesilo,,,28/09/2026 10:13
1b5877cd-87eb-427d-b1ae-2b367e48a8b7,fodder.hiv,available,195.99,195.99,medium,low,6,namesilo,,,24/09/2026 12:05
dadb2778-24c1-4b10-b070-82657846cd57,alias.hiv,available,195.99,195.99,high,low,5,namesilo,,,28/09/2026 11:26
4c2e6629-f589-4a90-b7dc-c9a2ddb403cf,permitted.hiv,available,184.99,,high,low,9,name.com,,,
fc035317-df7c-4639-bec6-560fde4bb0e2,brutality.hiv,available,195.99,195.99,medium,low,9,namesilo,,,22/09/2026 04:26
fc4f7b86-f594-4e89-af7d-628136c85c28,adolescence.hiv,available,195.99,195.99,high,low,11,namesilo,,,30/09/2026 14:46
1f192345-8f2c-4789-8919-774355cd7ef3,billhook.hiv,available,184.99,184.99,medium,low,8,name.com,,,23/09/2026 16:21
93bc5216-a374-402a-a0ea-34be0c585ffc,peed.hiv,available,195.99,195.99,medium,low,4,namesilo,,,18/09/2026 08:17
143f6e7e-03ad-4912-9197-956b7421b547,diagnosed.hiv,available,191.75,191.75,medium,low,9,dynadot,,,28/09/2026 23:36
b7fac86a-1bf7-47e5-93e6-c7708dcb0759,delivers.hiv,available,184.9,184.9,medium,low,8,spaceship,,,29/09/2026 10:50
a83e989f-dbb1-4741-81c2-9c4d46f73f1e,agenda.hiv,available,195.99,195.99,high,low,6,namesilo,,,17/09/2026 17:02
7388e842-ea7b-4c5b-b8ac-6c2e671b1b08,embraced.hiv,available,184.9,184.9,medium,low,8,spaceship,,,29/09/2026 23:57
d5ef9743-374f-4a6c-a0c2-eb5e57459d2c,accordingly.hiv,available,195.99,195.99,medium,low,11,namesilo,,,29/09/2026 02:47
774f5c9a-f4c1-422c-a125-f04bb7c104f0,collapse.hiv,available,195.99,195.99,high,low,8,namesilo,,,27/09/2026 12:20
b09e094a-8b20-4125-b584-3714d89d4b18,supplemental.hiv,available,184.9,184.9,high,low,12,spaceship,,,30/09/2026 19:44
4ede38d3-caa9-4aac-8d82-e1fca78e4655,jackass.hiv,available,184.9,184.9,medium,low,7,spaceship,,,01/10/2026 01:11
f0021d23-1f55-41ff-8f6d-4d444bc2a688,dismissed.hiv,available,195.99,195.99,medium,low,9,namesilo,,,24/09/2026 11:01
badf7f40-80c4-4cd3-9965-9ca46de664dd,antiviral.hiv,available,,,high,low,9,,,,
75720c42-920a-4578-9596-93daeb8ec533,strap.hiv,available,184.9,184.9,high,low,5,spaceship,,,28/09/2026 10:12
cbf8ce60-8262-4348-a2f4-898cc1043489,trusted.hiv,available,184.9,184.9,high,medium,7,spaceship,,,28/09/2026 08:06
fa1146ce-c0eb-4ba9-a23f-366c901d9796,recorded.hiv,available,184.99,184.99,high,low,8,name.com,,,27/09/2026 10:58
378256c8-1073-46a4-b926-88a0c4737432,master.hiv,available,195.99,195.99,high,low,6,namesilo,,,25/09/2026 17:15
415e015d-640d-4097-83d5-8e578679caab,mysore.hiv,available,191.75,191.75,medium,low,6,dynadot,,,28/09/2026 19:36
e8dcf637-64ea-4361-9bf0-415e08596743,miki.hiv,available,184.9,184.9,high,low,4,spaceship,,,02/10/2026 04:00
f205f3ec-6c84-4473-b412-9e329d9ec975,pochard.hiv,available,195.99,195.99,medium,low,7,namesilo,,,21/09/2026 10:48
8c4462e8-852d-4ea6-8ac1-ead003889252,diseased.hiv,available,184.99,184.99,medium,low,8,name.com,,,14/08/2026 10:08
296da390-d601-4ec6-96bb-85043731601d,maureen.hiv,available,184.9,184.9,medium,low,7,spaceship,,,27/09/2026 19:11
40979381-d0eb-482c-8ae2-720723238464,advancing.hiv,available,184.99,184.99,high,low,9,name.com,,,21/09/2026 20:51
ef496325-1930-4a23-9203-eea1fdae7408,calcium.hiv,available,195.99,195.99,high,low,7,namesilo,,,20/09/2026 22:32
f8287bd5-277d-477a-9674-b66acd0c1828,futile.hiv,available,195.99,195.99,medium,low,6,namesilo,,,22/09/2026 23:49
73c803cb-bd0c-4a3c-a76c-19cfedf27651,mercury.hiv,available,,,high,medium,7,,,,09/09/2026 08:45
c541b932-7960-4cb4-9c31-a44e64cf73fd,robinson.hiv,available,184.9,184.9,high,low,8,spaceship,,,27/09/2026 13:17
82e3f420-884d-40df-93c3-acd1ab84e287,bedamn.hiv,available,184.99,184.99,medium,low,6,name.com,,,13/08/2026 16:21
f53a4f7a-52b1-420b-aa64-d4ca68d5c9c4,optimum.hiv,available,195.99,195.99,high,low,7,namesilo,,,04/09/2026 16:59
f2223e4a-fd79-4623-95d7-d37f6e061062,gallican.hiv,available,184.99,184.99,medium,low,8,name.com,,,18/08/2026 19:40
198b1f58-bdf3-4855-9f8d-e52494019e83,activated.hiv,available,195.99,195.99,high,low,9,namesilo,,,21/09/2026 16:32
a3246d21-17e5-4846-b92e-8933f56aa39f,ruins.hiv,available,195.99,195.99,low,low,5,namesilo,,,28/09/2026 12:46
4ff03240-f0cd-464f-b8e4-ead6b8102dc6,sheepdog.hiv,available,184.99,,high,low,9,name.com,,,
290c89e1-4c25-45fe-8957-ce98f1ce7655,mosquito.hiv,available,195.99,195.99,high,low,8,namesilo,,,30/09/2026 05:20
f85d4d5d-cef4-4695-9e36-0b668410c1de,voiceless.hiv,available,184.99,184.99,medium,low,9,name.com,,,05/08/2026 23:23
30bd3796-3b0b-4691-8b54-389de4b9104e,amore.hiv,available,184.9,184.9,high,low,5,spaceship,,,02/10/2026 02:14
b703df14-ecbe-4524-b939-f32146b0a39b,aunt.hiv,available,195.99,195.99,high,low,4,namesilo,,,28/09/2026 23:17
21455102-54b8-444e-85db-e7f7a280b187,spirit.hiv,available,191.75,191.75,high,medium,6,dynadot,,,29/09/2026 15:41
d5ba7de2-4393-4bd5-a18c-3d61bf30a626,wayne.hiv,available,195.99,195.99,high,low,5,namesilo,,,19/09/2026 13:47
01694070-0f5b-457c-a09e-8b1bdb739a4c,lagrangian.hiv,available,184.9,184.9,high,low,10,spaceship,,,29/09/2026 14:39
4be1f20a-794b-4256-acd5-a3a48a1fd34e,enforce.hiv,available,184.9,184.9,high,low,7,spaceship,,,29/09/2026 08:23
b95ba7b9-3701-47c4-8dbb-5803595fde6c,aqualung.hiv,available,195.99,195.99,medium,low,8,namesilo,,,19/09/2026 22:54
8f1aff62-949f-429d-b6cb-daf09e6a5c2b,thirties.hiv,available,195.99,195.99,medium,low,8,namesilo,,,16/09/2026 12:05
8c666944-fffe-4d24-8cca-802716ea6ad0,geotechnical.hiv,available,184.9,184.9,medium,low,12,spaceship,,,01/10/2026 23:13
6da73b8e-c4aa-40a5-9f81-52c38cefff8d,sherlock.hiv,available,191.75,191.75,high,low,8,dynadot,,,28/09/2026 15:08
ec49289e-e56a-42dd-a4b9-ef7e50952e2e,discounter.hiv,available,184.9,184.9,high,low,10,spaceship,,,28/09/2026 02:50
e7f1af94-7ccb-4abd-be3f-46ed105d50ab,cromwell.hiv,available,184.9,184.9,high,medium,8,spaceship,,,30/09/2026 09:17
dd7fa636-3654-4d60-b84c-d4a600130223,addax.hiv,available,195.99,195.99,medium,low,5,namesilo,,,17/09/2026 06:40
9f20d822-c67a-4276-985c-36b69dcb5a54,miguel.hiv,available,195.99,195.99,high,low,6,namesilo,,,25/09/2026 14:22
a357df65-d7ed-4d14-817e-5d7cb72b7e1b,throng.hiv,available,195.99,195.99,high,low,6,namesilo,,,24/09/2026 17:08
1aee0571-92a7-40c7-bcd6-4bd9240d3c44,asa.hiv,available,195.99,195.99,high,low,3,namesilo,,,25/09/2026 12:30
daad6ec8-00e6-4283-b096-4bc183a8e79d,obtaining.hiv,available,184.9,184.9,low,low,9,spaceship,,,30/09/2026 23:25
e8608b1f-d00b-44ad-a677-de4f7e64d90f,zoophagous.hiv,available,184.99,184.99,medium,low,10,name.com,,,18/08/2026 07:58
d9a64660-5155-4c60-bad4-589081e7e389,hard.hiv,available,184.99,184.99,high,low,4,name.com,,,06/08/2026 16:55
898a7169-4a85-42bc-a8da-ae0ad6316f68,ornery.hiv,available,184.99,184.99,medium,low,6,name.com,,,13/08/2026 08:28
24fd2491-d95d-4627-8b4f-97abbb482f82,doorstep.hiv,available,184.9,184.9,high,low,8,spaceship,,,30/09/2026 09:23
a32ffc8a-c0d0-4738-8c44-e7c44b8c699f,ambrose.hiv,available,184.99,184.99,high,low,7,name.com,,,18/09/2026 17:22
943a049a-a546-4371-ac5a-76ea305fc08a,ooh.hiv,available,184.9,184.9,high,low,3,spaceship,,,30/09/2026 11:21
5bdfc4fc-54d6-41c1-a335-4b6dd13d1338,wounding.hiv,available,184.99,184.99,medium,low,8,name.com,,,10/09/2026 17:53
9fceeaa5-6bd2-4fd6-8c25-f73a9a368da8,towards.hiv,available,184.9,184.9,high,low,7,spaceship,,,01/10/2026 19:05
1cb55a48-30f4-49cd-870a-f8772b7119f1,canty.hiv,available,184.99,184.99,medium,low,5,name.com,,,11/08/2026 17:46
e947abe3-d9f1-4010-ad52-367313d96696,mink.hiv,available,184.9,184.9,high,low,4,spaceship,,,01/10/2026 03:00
ab9be9f3-d483-487a-bd5a-44afa40832e5,episcopal.hiv,available,184.99,184.99,medium,low,9,name.com,,,17/08/2026 11:09
7a805acc-8f09-4fce-bfb9-1dea067af3a0,hyaline.hiv,available,184.99,184.99,medium,low,7,name.com,,,21/08/2026 16:06
847fdf2d-348e-4a35-b14c-231b0f996cac,abilene.hiv,available,195.99,195.99,high,low,7,namesilo,,,16/09/2026 15:54
68d8adab-da64-48a8-a454-9cf01aa97fa8,donny.hiv,available,184.9,184.9,high,low,5,spaceship,,,30/09/2026 20:44
3c6a3ae2-4c2f-4aa6-b273-01f17df2006d,nippy.hiv,available,195.99,195.99,high,low,5,namesilo,,,03/09/2026 17:42
be6b8f84-a628-4c48-aeb0-62675d269050,mueller.hiv,available,195.99,195.99,high,low,7,namesilo,,,26/09/2026 03:22
5695259b-a207-47e1-b6a9-d959ab30638d,uninterrupted.hiv,available,184.9,184.9,medium,low,13,spaceship,,,01/10/2026 06:00
48019292-daa1-4914-8eb4-d6534932d203,causally.hiv,available,195.99,195.99,medium,low,8,namesilo,,,14/09/2026 06:01
cc9e378b-52f5-4e91-9ac1-85ed54d4ad19,messenger.hiv,available,195.99,195.99,high,low,9,namesilo,,,24/09/2026 18:45
05461cc8-b99b-4f32-9e71-26564813694f,gets.hiv,available,195.99,195.99,medium,low,4,namesilo,,,18/09/2026 02:13
231bc69f-4971-40ee-af19-6508414378b1,metalloid.hiv,available,184.99,184.99,medium,low,9,name.com,,,24/08/2026 21:37
9803e2c0-fb7b-4a91-8a1a-67dc304287b7,iwo.hiv,available,191.75,191.75,medium,low,3,dynadot,,,29/09/2026 19:21
0fd01709-82d8-4bf4-854e-b5127fcfa05c,schematic.hiv,available,195.99,195.99,high,low,9,namesilo,,,09/09/2026 23:02
9d40eb14-ce72-4767-8832-3f279de5ff21,blacksnake.hiv,available,195.99,195.99,medium,low,10,namesilo,,,24/09/2026 01:28
08d0595f-ea0a-4d61-ac97-5618b1e3ee4a,tegular.hiv,available,195.99,195.99,medium,low,7,namesilo,,,11/09/2026 10:16
b968c78e-16e3-4e12-b3c4-646fad8cfaca,gossipy.hiv,available,184.99,184.99,medium,low,7,name.com,,,20/08/2026 17:09
158cc89e-c6cd-4c84-b3c3-e40c905fa60c,competent.hiv,available,195.99,195.99,high,low,9,namesilo,,,23/09/2026 17:16
596293bc-88a1-4dca-9f7f-5882ee7dd626,emotions.hiv,available,195.99,195.99,medium,low,8,namesilo,,,27/09/2026 02:04
930e496f-67f6-48e8-8344-870ccdb9cd8b,aggression.hiv,available,195.99,195.99,medium,low,10,namesilo,,,17/09/2026 17:29
2c5e8fbb-6f19-4fe0-a673-47dcbcb8dc88,aides.hiv,available,,,high,low,5,,,,17/09/2026 20:51
68963abb-24c3-45aa-ae22-49756f1838d0,transcripts.hiv,available,195.99,195.99,medium,low,11,namesilo,,,30/09/2026 16:19
e8238903-8f9b-4797-a331-f16ad7fbd089,scandium.hiv,available,195.99,195.99,medium,low,8,namesilo,,,20/09/2026 22:34
f2f63146-6778-4583-814b-a24e0534a4f5,realistic.hiv,available,195.99,195.99,high,low,9,namesilo,,,03/09/2026 13:57
3dd19acb-7609-44cc-af86-1a0e47fc9ec1,attachable.hiv,available,184.99,184.99,medium,low,10,name.com,,,07/08/2026 15:36
1c148051-29dc-4d5e-8ffe-ff62b078df85,profitless.hiv,available,195.99,195.99,medium,low,10,namesilo,,,09/09/2026 02:50
4db1762d-d87b-445e-a6c4-f97bd6d45e97,zone.hiv,available,191.75,191.75,high,low,4,dynadot,,,29/09/2026 16:21
53b5bddc-ca9c-4fb3-a7d6-dc1c43ae2e9f,esteemed.hiv,available,184.99,184.99,high,low,8,name.com,,,17/08/2026 13:23
6e45e5b4-53f1-4210-8898-6aa65c428ac9,relatively.hiv,available,184.9,184.9,medium,low,10,spaceship,,,28/09/2026 14:14
2618ec50-fc83-4e99-ab8d-3c3032b97cda,bathhouse.hiv,available,195.99,195.99,high,low,9,namesilo,,,22/09/2026 13:35
256a0a4d-302d-4f1e-a7f6-2bef1d944de7,tentacular.hiv,available,184.99,184.99,medium,low,10,name.com,,,11/09/2026 11:35
44c98a55-4dd1-4eaa-a592-0024a444c7a6,vitally.hiv,available,195.99,195.99,high,low,7,namesilo,,,16/09/2026 11:05
b9ae3714-6d64-424e-bf37-721e4daf1fcf,assumption.hiv,available,195.99,195.99,medium,low,10,namesilo,,,20/09/2026 16:39
1fb5aee6-7659-4975-a9a2-6e00c80f7eba,plummy.hiv,available,195.99,195.99,medium,low,6,namesilo,,,08/09/2026 21:51
920ef9fc-acc5-479a-8f17-65bcb0e4061e,kicking.hiv,available,184.9,184.9,high,low,7,spaceship,,,30/09/2026 01:20
51f298b2-cc29-4102-b76f-e3a1e153aa86,nicola.hiv,available,184.9,184.9,high,low,6,spaceship,,,28/09/2026 07:47
b55a8a32-be13-499e-ad7d-cac34eac6471,prn.hiv,available,,,medium,low,3,,,,13/09/2026 21:26
dad386e1-b20a-4c40-bd16-f3c142af355b,hurtful.hiv,available,184.99,184.99,medium,low,7,name.com,,,14/08/2026 00:28
ae9612f8-684f-4c6b-9033-dba32b9dd8dc,declarer.hiv,available,195.99,195.99,medium,low,8,namesilo,,,17/09/2026 14:33
e06a414d-bb23-42af-8124-139eed35a6bc,sawyer.hiv,available,195.99,195.99,high,low,6,namesilo,,,01/10/2026 03:36
47415ee2-8ce9-459e-a8aa-56ec2a3c80b6,clitoral.hiv,available,184.99,184.99,medium,low,8,name.com,,,12/08/2026 11:25
413a330d-2be4-4983-be6c-5ee224117e5d,angel.hiv,available,184.9,184.9,high,medium,5,spaceship,,,28/09/2026 21:23
37922d9c-550b-4a54-b674-77ed094304fe,ignatius.hiv,available,191.75,191.75,high,low,8,dynadot,,,27/09/2026 14:14
c4c5301a-99df-453f-8416-aa878d8d4eae,documented.hiv,available,195.99,195.99,high,low,10,namesilo,,,22/09/2026 11:37
7078c462-491d-4743-8690-da42db81e9d9,backhoe.hiv,available,195.99,195.99,high,low,7,namesilo,,,21/09/2026 15:37
433b4b2f-b7c9-4748-adb3-a8641656e528,aerialist.hiv,available,195.99,195.99,medium,low,9,namesilo,,,17/09/2026 12:50
47241013-9906-47f5-87ec-23949611c2b0,equilibrium.hiv,available,184.9,184.9,high,low,11,spaceship,,,29/09/2026 23:01
5dd5e043-8718-448a-aa86-db874b98f4c8,ninety.hiv,available,184.99,184.99,high,low,6,name.com,,,
bac61f12-9f1e-4085-ba56-8e1a57a78bbe,incompetent.hiv,available,191.75,191.75,medium,low,11,dynadot,,,28/09/2026 21:19
ffddc512-93ce-4881-9fd1-00f5b5a70a55,debased.hiv,available,184.99,184.99,medium,low,7,name.com,,,
b5923508-c08c-4319-8de6-1d43fca7c9fd,paranoid.hiv,available,195.99,195.99,high,low,8,namesilo,,,08/09/2026 01:06
783012e2-7143-405b-b51d-d46a71822e1c,characteristics.hiv,available,184.99,,medium,low,15,name.com,,,
7133289b-adc6-4399-bc48-abbd62c7fdc9,overmuch.hiv,available,,,medium,low,8,,,,04/09/2026 21:13
50a64f16-2921-4e80-921c-b21adb001327,accentor.hiv,available,195.99,195.99,medium,low,8,namesilo,,,16/09/2026 21:58
cd354129-033e-4bff-9f65-7ccc5f64e805,hire.hiv,available,195.99,195.99,high,low,4,namesilo,,,24/09/2026 13:49
d451bf6b-68d9-475f-8bfa-5d297114c917,lorentz.hiv,available,184.9,184.9,medium,low,7,spaceship,,,28/09/2026 19:26
2229c3d5-328e-44ff-9482-5d4066584ce9,blyth.hiv,available,184.9,184.9,high,low,5,spaceship,,,29/09/2026 22:39
b352766f-d55b-4240-83f0-5f9b5bef2b8e,swanky.hiv,available,195.99,195.99,high,low,6,namesilo,,,11/09/2026 05:15
bd5857a1-7e82-4c09-892f-2354fafb9a88,decided.hiv,available,184.99,184.99,high,low,7,name.com,,,13/08/2026 21:20
4051f6f2-bc08-451d-bf7c-9605f2b68834,celebrities.hiv,available,195.99,195.99,medium,low,11,namesilo,,,28/09/2026 23:49
4ce747d7-a799-465b-9ff2-156267667789,heterosexual.hiv,available,195.99,195.99,high,low,12,namesilo,,,29/09/2026 08:29
4d8e5530-cc98-45e9-b66a-603884e02625,charnel.hiv,available,184.99,184.99,medium,low,7,name.com,,,12/08/2026 02:37
8f2e2bd5-c6ef-4f90-b635-232e15a04f46,fizzing.hiv,available,184.99,184.99,medium,low,7,name.com,,,18/08/2026 06:02
57a8d916-b61f-4bb5-9137-6b56bf93c5e7,addicted.hiv,available,195.99,195.99,high,low,8,namesilo,,,21/09/2026 17:07
83b9d5c3-907f-430d-8ac8-1f7f0202ceb2,carcass.hiv,available,191.75,191.75,medium,low,7,dynadot,,,01/10/2026 18:54
6046a2fa-d7f0-4bea-a88f-5acc44c87cf3,identity.hiv,available,191.75,191.75,high,medium,8,dynadot,,,30/09/2026 21:00
983d069a-1b71-47f1-bd99-f0e637db1edd,lords.hiv,available,184.9,184.9,medium,low,5,spaceship,,,28/09/2026 16:19
0028813e-2743-4ae6-ac23-5ec27b24382b,unification.hiv,available,184.9,184.9,high,low,11,spaceship,,,30/09/2026 00:02
54153089-bad4-4250-ad85-fb8e31fb6ff4,unspecified.hiv,available,195.99,195.99,medium,low,11,namesilo,,,02/10/2026 01:19
58d469fe-2711-437b-afc8-37035de9e768,emporium.hiv,available,191.75,191.75,high,low,8,dynadot,,,29/09/2026 02:36
b541637f-f7f1-46ce-8b3c-73875158343e,nonsuch.hiv,available,184.99,184.99,medium,low,7,name.com,,,03/09/2026 20:15
140a926b-2524-4fb1-b365-05cc19941d30,lothian.hiv,available,184.9,184.9,high,low,7,spaceship,,,30/09/2026 00:22
2ef2f7cf-603d-4f5a-90c0-ee567d919333,effective.hiv,available,195.99,195.99,high,low,9,namesilo,,,24/09/2026 13:31
92c9b424-0e82-4e1a-b4f9-6b7a6ebb2a94,lame.hiv,available,184.99,184.99,high,low,4,name.com,,,13/08/2026 07:03
a0bd20e4-1db4-4d62-bb81-756c2f2b8671,banjo.hiv,available,195.99,195.99,high,low,5,namesilo,,,22/09/2026 02:11
098856fa-ed65-448c-b25f-3f5abbf15a3b,port.hiv,available,195.99,195.99,high,low,4,namesilo,,,25/09/2026 13:07
6283826f-57cf-446e-ad15-a48941641c95,hugely.hiv,available,195.99,195.99,medium,low,6,namesilo,,,14/09/2026 15:49
4d2788be-6492-44df-9451-099c29b82878,zoologist.hiv,available,195.99,195.99,high,low,9,namesilo,,,19/09/2026 08:43
92754236-fe3d-4812-b125-65b7c8969a2e,neotenic.hiv,available,195.99,195.99,medium,low,8,namesilo,,,03/09/2026 15:31
dbba9cad-c769-4811-8580-0f2dc3ae7cce,diatonic.hiv,available,184.99,184.99,medium,low,8,name.com,,,14/08/2026 06:21
e30289fd-fbb2-42ae-b47c-7ae482416b39,intensity.hiv,available,195.99,195.99,high,low,9,namesilo,,,28/09/2026 09:23
d141ba6a-b6b5-49b2-896e-544442ecc593,elegiac.hiv,available,184.99,184.99,medium,low,7,name.com,,,16/08/2026 03:28
d21975ac-0fa1-48d4-8a59-fe6b110a8d60,spiteful.hiv,available,184.99,184.99,medium,low,8,name.com,,,14/08/2026 04:20
c77cb218-78bb-4593-a64e-99932fc509d9,siege.hiv,available,195.99,195.99,high,low,5,namesilo,,,23/09/2026 04:50
326bed04-9078-43f2-8911-7ee4f295ee61,lupine.hiv,available,184.99,184.99,medium,low,6,name.com,,,24/08/2026 11:39
249f6d85-e343-464a-9bda-cfcb4ab39934,sumner.hiv,available,184.9,184.9,high,low,6,spaceship,,,29/09/2026 08:10
4ff20413-9b4b-4ccf-ab0a-3b4c5c95d7f2,endure.hiv,available,184.99,184.99,high,low,6,name.com,,,11/08/2026 02:41
bd25d1ff-6ed4-41ce-824f-9227984067d6,salvatore.hiv,available,184.86,184.86,medium,low,9,porkbun,,,28/09/2026 16:31
c6624034-f63b-464c-84bc-e231cdf93140,hawkes.hiv,available,195.99,195.99,high,low,6,namesilo,,,29/09/2026 15:44
6b836132-905d-414c-8592-a52bc4bf04b7,athletics.hiv,available,195.99,195.99,high,medium,9,namesilo,,,28/09/2026 22:59
b73999f1-804d-47f4-b513-084b6f7a9137,valuables.hiv,available,195.99,195.99,high,low,9,namesilo,,,30/09/2026 23:28
3c0cb114-b24c-4653-b54e-6634741e20e0,communities.hiv,available,195.99,195.99,high,low,11,namesilo,,,17/09/2026 18:41
e7daa3c3-365a-477a-93f1-8c0228ec4015,adenovirus.hiv,available,195.99,195.99,high,low,10,namesilo,,,17/09/2026 07:41
9f7200aa-f808-4e17-b0c1-1e514080209d,natalie.hiv,available,195.99,195.99,high,low,7,namesilo,,,25/09/2026 14:26
62aa8d89-3538-4d13-a5d8-a509272287c6,janitor.hiv,available,191.75,191.75,medium,low,7,dynadot,,,28/09/2026 19:32
ba323b61-9288-46fc-9049-1c92ebc116df,stunningly.hiv,available,195.99,195.99,medium,low,10,namesilo,,,16/09/2026 06:09
bd8d9491-30fc-4c57-950b-e1ffdc654524,issa.hiv,available,184.9,184.9,high,low,4,spaceship,,,30/09/2026 20:12
95996664-f08f-4681-a9a8-b1a2af795f9d,bassoonist.hiv,available,195.99,195.99,medium,low,10,namesilo,,,22/09/2026 12:33
135d0ab2-1fd5-4ab2-9096-5807cb50f62c,schmidt.hiv,available,184.99,184.99,high,high,7,name.com,,,25/09/2026 07:11
03919912-7b64-4446-a68d-ba2c4949edff,bovine.hiv,available,184.99,184.99,high,medium,6,name.com,,,10/08/2026 22:51
812c4f5c-e744-4a76-b331-f81ca34baadf,flop.hiv,available,195.99,195.99,high,low,4,namesilo,,,23/09/2026 12:03
58467764-17f8-4e25-ae7c-1fa573e1bb8c,aims.hiv,available,195.99,195.99,medium,low,4,namesilo,,,30/09/2026 06:57
f71397b2-76b0-47df-86d4-82cbaa9a2420,aberdare.hiv,available,195.99,195.99,medium,low,8,namesilo,,,16/09/2026 15:08
215524a3-b678-4923-aceb-85c3b2892816,willow.hiv,available,195.99,195.99,high,low,6,namesilo,,,30/09/2026 14:43
0f64f452-3f51-473e-a748-969291dead17,sneaking.hiv,available,195.99,195.99,medium,low,8,namesilo,,,29/09/2026 14:54
243b710f-7071-475d-a5ce-c868b7f84170,arnica.hiv,available,195.99,195.99,high,low,6,namesilo,,,20/09/2026 08:11
31dfefe0-b297-481f-89d2-2ec4bca81ca3,tumble.hiv,available,184.9,184.9,medium,low,6,spaceship,,,30/09/2026 19:03
68657916-3a44-4f3e-af3f-5339ad6f1a8c,swinging.hiv,available,184.99,184.99,high,low,8,name.com,,,23/08/2026 08:43
dac82e06-8343-4292-9ea6-a0f026513f16,curricular.hiv,available,184.99,184.99,high,low,10,name.com,,,13/08/2026 11:29
4a4b8511-1786-406b-a215-494185254447,steamboat.hiv,available,195.99,195.99,high,low,9,namesilo,,,30/09/2026 11:06
a1de665d-5df4-4ec8-b549-decbb68b3880,changing.hiv,available,195.99,195.99,high,low,8,namesilo,,,23/09/2026 13:46
8b0ccb99-929a-4bd8-b5dc-057f103e1b52,eca.hiv,available,184.86,184.86,high,low,3,porkbun,,,01/10/2026 23:40
06102cf7-e609-41b1-8fbf-60d2e18c06ca,strawberry.hiv,available,195.99,195.99,high,low,10,namesilo,,,29/09/2026 22:40
bb7d4e36-b9b7-4a63-bbc7-3c832e7f8fd7,monique.hiv,available,191.75,191.75,high,low,7,dynadot,,,30/09/2026 05:03
36ba4c4c-0b20-473a-a1f0-312c57ef9781,verified.hiv,available,195.99,195.99,high,medium,8,namesilo,,,13/09/2026 02:25
d36de91e-5e35-4604-b662-0cabebae7ad6,noticed.hiv,available,195.99,195.99,high,low,7,namesilo,,,25/09/2026 23:16
899e95c6-a80f-44d8-b663-59f0c6893b52,affluent.hiv,available,195.99,195.99,high,low,8,namesilo,,,21/09/2026 21:54
c46dd50d-99b0-4eda-a959-16c800ad7557,florentine.hiv,available,184.99,184.99,high,low,10,name.com,,,18/08/2026 08:58
65ff27ca-429b-452d-a19b-028cd0087cb8,incidents.hiv,available,184.9,184.9,low,low,9,spaceship,,,29/09/2026 05:24
4b9dc483-7375-4fb1-8800-b6dd5c30ace7,omdurman.hiv,available,195.99,195.99,medium,low,8,namesilo,,,22/09/2026 15:32
800530bb-9604-4426-b8a3-b3b870cd9fdc,smc.hiv,available,184.86,184.86,high,low,3,porkbun,,,30/09/2026 21:13
9a3045c9-24ac-4e41-b4a5-fd53dfa90356,walpole.hiv,available,184.9,184.9,medium,low,7,spaceship,,,28/09/2026 01:54
8b70b988-b121-4347-82d9-d76d67b274fb,mimicry.hiv,available,195.99,195.99,medium,low,7,namesilo,,,19/09/2026 16:43
bb2edd1a-7c4c-4c86-97bc-c96c2feb1ef7,discovers.hiv,available,195.99,195.99,medium,low,9,namesilo,,,29/09/2026 11:07
6a3e1638-1845-4bb1-bc25-70e3c53560ab,victor.hiv,available,195.99,195.99,high,medium,6,namesilo,,,30/09/2026 14:28
fcf1b269-f59e-4f34-9098-ba6df9be6b12,spasm.hiv,available,184.9,184.9,high,low,5,spaceship,,,01/10/2026 19:07
81124171-6f56-4d74-a1b2-3dbf2dbd640f,doomed.hiv,available,184.99,184.99,medium,low,6,name.com,,,14/08/2026 15:57
85a09082-130a-4493-b228-7cc7ed260257,incredibly.hiv,available,195.99,195.99,high,low,10,namesilo,,,14/09/2026 17:21
92482133-0b7c-4801-848a-6fdfb3f24359,toothed.hiv,available,184.99,184.99,medium,low,7,name.com,,,17/08/2026 12:41
b6177fa9-2ece-49c4-b51a-cb1035dfa05a,workouts.hiv,available,195.99,195.99,medium,low,8,namesilo,,,19/09/2026 22:42
3283de5d-9163-49a9-9bfc-146b04565ef2,wroth.hiv,available,195.99,195.99,medium,low,5,namesilo,,,13/09/2026 13:38
ef49f0f6-198f-4ce7-9755-3ba890b61f38,childlike.hiv,available,184.99,184.99,high,low,9,name.com,,,12/08/2026 05:12
4f5da71a-6208-4943-b14c-4851e1edf5b5,contributed.hiv,available,184.9,184.9,medium,low,11,spaceship,,,29/09/2026 17:13
dfdb8587-b6b0-497e-b513-e2ab702c5163,potion.hiv,available,191.75,191.75,high,low,6,dynadot,,,29/09/2026 20:02
33ad521a-f4b5-4280-90c2-d69d3f0b0cab,thereby.hiv,available,195.99,195.99,medium,low,7,namesilo,,,16/09/2026 08:39
cfe186e5-8e1b-4f9c-9221-1704c8f84e0c,summary.hiv,available,195.99,195.99,high,low,7,namesilo,,,23/09/2026 17:08
08f6d872-b54f-465f-9e6f-58974650c98c,disunite.hiv,available,184.99,184.99,medium,low,8,name.com,,,14/08/2026 11:14
ff2d66f3-1d8f-4a19-88c8-3e830f3670a1,mothafucka.hiv,available,184.99,,medium,low,10,name.com,,,
455f7019-dcbd-4834-aa13-016ba903345e,efficiency.hiv,available,195.99,195.99,high,low,10,namesilo,,,30/09/2026 13:30
b8d13c52-ad75-4b96-8ce3-fa08a83ee399,bark.hiv,available,195.99,195.99,high,low,4,namesilo,,,22/09/2026 06:15
2be26d08-8db7-48a0-b851-3050e635f09e,enclothe.hiv,available,,,medium,low,8,,,,19/09/2026 19:54
1e5a77db-4906-4440-875e-1850e3d3301c,nonexempt.hiv,available,,,medium,low,9,,,,03/09/2026 19:09
9776098f-7ffb-4e0e-98f4-e9e4c2e4c12c,precambrian.hiv,available,195.99,195.99,medium,low,11,namesilo,,,29/09/2026 04:02
20b62dbb-5bcd-49ca-abdd-fd16dbdaee19,well.hiv,available,195.99,195.99,high,low,4,namesilo,,,24/09/2026 22:39
e7f5cad6-0fbd-48bb-a72d-cfd1ef181839,commended.hiv,available,195.99,195.99,medium,low,9,namesilo,,,02/10/2026 03:21
179d8454-48e6-4578-a5ea-4e02d065e1e5,ria.hiv,available,184.9,184.9,high,low,3,spaceship,,,02/10/2026 02:31
43192fa1-ae3f-48b7-9d25-4a8b7b12cf4d,abreaction.hiv,available,195.99,195.99,medium,low,10,namesilo,,,16/09/2026 17:06
1c2519c5-0a53-43eb-978d-a5099fd5b16f,dickie.hiv,available,184.99,184.99,medium,low,6,name.com,,,14/08/2026 06:30
836f4462-8980-4db9-b987-c2ef48183bf9,blas.hiv,available,184.9,184.9,medium,low,4,spaceship,,,30/09/2026 22:25
fda57a41-8cdd-40cd-9c1b-5550fc653676,cheater.hiv,available,195.99,195.99,medium,low,7,namesilo,,,23/09/2026 02:30
bdb3901b-be15-4854-981b-cc96817bc9ac,provoke.hiv,available,184.9,184.9,high,low,7,spaceship,,,29/09/2026 22:15
ba28231c-a3e7-4258-9364-e3e7ada11a78,agapornis.hiv,available,195.99,195.99,medium,low,9,namesilo,,,17/09/2026 16:13
5e6680fc-f385-4a31-afb0-d352e1eacf3a,amherst.hiv,available,195.99,195.99,high,low,7,namesilo,,,25/09/2026 12:38
4e981d1a-2823-4a63-91f3-744a71d0668b,encyclopedia.hiv,available,184.9,184.9,high,low,12,spaceship,,,29/09/2026 10:09
79f76e11-0062-49d0-9e39-0e990dc63432,klondike.hiv,available,184.9,184.9,high,low,8,spaceship,,,30/09/2026 17:48
6ff4844c-4c53-4abb-80f8-63cc7b065e1e,migration.hiv,available,184.9,184.9,high,low,9,spaceship,,,29/09/2026 19:39
5e1fa72a-4d90-4493-be35-2a42cba20512,bouquet.hiv,available,195.99,195.99,high,low,7,namesilo,,,24/09/2026 07:35
c7cfd0ce-d5d4-4090-bfa4-960a258d3232,fourteen.hiv,available,195.99,195.99,high,low,8,namesilo,,,21/09/2026 11:38
3bbc0093-af86-42e3-a1ab-d12b68ac9411,estuaries.hiv,available,184.9,184.9,low,low,9,spaceship,,,28/09/2026 12:58
f0dd1006-a4e9-412b-b289-d585446beab2,edgy.hiv,available,184.99,184.99,high,low,4,name.com,,,15/08/2026 08:39
c352bc6b-a62b-4dfa-a38e-e25a101924dc,portraits.hiv,available,195.99,195.99,medium,low,9,namesilo,,,30/09/2026 00:16
b405201d-9ec5-45eb-8a8b-aa9f1e223bed,robby.hiv,available,184.9,184.9,high,low,5,spaceship,,,01/10/2026 23:55
1de45616-fe1d-4ad2-bcba-3df8b0362e0f,cpr.hiv,available,195.99,195.99,high,low,3,namesilo,,,24/09/2026 12:51
580ab5f0-94ae-41b5-94e2-438abe86b0cd,snaps.hiv,available,195.99,195.99,medium,low,5,namesilo,,,18/09/2026 11:55
83bf9a8e-cde0-4334-bcd9-9a7aa45964fc,stems.hiv,available,184.9,184.9,medium,low,5,spaceship,,,30/09/2026 05:53
bd9bd44a-7c37-4bf0-b604-0a06b378a63f,devoured.hiv,available,195.99,195.99,low,low,8,namesilo,,,19/09/2026 23:51
eb7ea4d2-1278-4fe8-a506-80e0ce289c74,owner.hiv,available,195.99,195.99,high,low,5,namesilo,,,25/09/2026 09:45
92117b88-f6e5-49c6-a4bb-b78d79a08e89,mallory.hiv,available,195.99,195.99,high,low,7,namesilo,,,28/09/2026 04:03
aaa8b06e-ba18-4dd2-a6be-7677e8ac25f4,forester.hiv,available,195.99,195.99,medium,low,8,namesilo,,,20/09/2026 00:50
64229864-d0a4-444b-bee9-987c835e3fcf,sulphuric.hiv,available,184.99,184.99,medium,low,9,name.com,,,11/09/2026 01:27
79644fe6-aa9d-4472-b9d3-0cd73efc1cdb,bachman.hiv,available,184.9,184.9,medium,low,7,spaceship,,,01/10/2026 11:51
6ecd6aa5-e89e-4a67-a3a6-02f90313efdd,candid.hiv,available,184.99,184.99,high,low,6,name.com,,,11/08/2026 16:40
d6225131-d482-4c00-821a-2999e247f5d0,employee.hiv,available,195.99,195.99,high,low,8,namesilo,,,29/09/2026 08:21
8060739c-926e-4b91-880f-0688e517e8f9,gripping.hiv,available,195.99,195.99,high,low,8,namesilo,,,21/09/2026 15:05
e225f026-2a74-4b28-aa78-c0f30d9e2224,arlene.hiv,available,195.99,195.99,medium,low,6,namesilo,,,29/09/2026 22:07
90217f7f-e67e-4215-934d-41370f8c78fa,daybreak.hiv,available,195.99,195.99,high,low,8,namesilo,,,11/09/2026 02:05
df3168ec-8d74-47ae-bce3-3f4c8ea1d033,ionia.hiv,available,184.9,184.9,medium,low,5,spaceship,,,01/10/2026 20:04
54801441-4212-4350-9ab1-ebf854331cb2,rateable.hiv,available,195.99,195.99,high,medium,8,namesilo,,,09/09/2026 10:32
7b1780cb-1007-4302-a626-b27e6f9d29d5,dpp.hiv,available,191.75,191.75,high,low,3,dynadot,,,01/10/2026 22:43
ba2f0242-bba4-424d-843f-01113dbacdbf,damon.hiv,available,184.9,184.9,medium,low,5,spaceship,,,28/09/2026 18:52
906a2fea-dfb2-477f-99d3-f078568d415e,jack.hiv,available,191.75,191.75,high,medium,4,dynadot,,,29/09/2026 14:52
c943173e-c61c-498a-a66a-9abf5d37a410,cardiff.hiv,available,195.99,195.99,high,low,7,namesilo,,,28/09/2026 01:26
2fc837ef-8e9d-4083-a800-0b0bebb26359,unrigged.hiv,available,,,medium,low,8,,,,12/09/2026 18:28
c80ef339-6a8c-45d0-b817-9a4a78b82a2f,wayfaring.hiv,available,195.99,195.99,medium,low,9,namesilo,,,13/09/2026 08:47
b9a32a92-7d40-4e47-8e19-4f88ba934de1,wrapping.hiv,available,195.99,195.99,high,low,8,namesilo,,,28/09/2026 20:35
aef456ed-4d6c-4ca5-95d8-56c4dd3b7b85,platoon.hiv,available,195.99,195.99,high,low,7,namesilo,,,27/09/2026 15:14
2c358bb2-5edf-4eb6-98b0-f2aaffa6b224,disarming.hiv,available,184.99,184.99,high,low,9,name.com,,,14/08/2026 09:30
56b716e9-fe07-4e6f-80aa-720af79e8de6,ledger.hiv,available,195.99,195.99,high,medium,6,namesilo,,,16/09/2026 23:06
4998cf7a-5b92-4da1-b559-9ea3d347bf65,clarification.hiv,available,195.99,195.99,medium,low,13,namesilo,,,02/10/2026 01:38
8d2cc40f-9f06-4fe8-ad3b-24a55b73ae87,hesitation.hiv,available,195.99,195.99,high,low,10,namesilo,,,24/09/2026 16:28
20bed0cd-6429-448e-adc4-68172968429a,endo.hiv,available,195.99,195.99,high,low,4,namesilo,,,01/10/2026 05:47
a2718ac8-8975-4ca3-b208-8aea90813e7c,sammy.hiv,available,195.99,195.99,high,low,5,namesilo,,,26/09/2026 03:25
288d2f71-c3fd-40a5-80e8-618f6630ede6,fayette.hiv,available,184.9,184.9,medium,low,7,spaceship,,,27/09/2026 20:20
264a3985-61ba-4b61-a5fe-d480fbcd7327,serially.hiv,available,195.99,195.99,medium,low,8,namesilo,,,16/09/2026 01:08
84c150bc-01c5-469a-ad8a-e8e6edabb46a,protocols.hiv,available,195.99,195.99,medium,low,9,namesilo,,,19/09/2026 04:47
1bf1accb-75d2-4c33-9193-1c02c250be01,reported.hiv,available,195.99,195.99,high,low,8,namesilo,,,27/09/2026 11:56
3662b72b-82e3-4438-9095-e875b20a6e4c,brandt.hiv,available,184.9,184.9,high,low,6,spaceship,,,27/09/2026 11:47
5e0cc591-759d-4704-961d-c1194ffc5638,cryogenic.hiv,available,184.99,184.99,medium,low,9,name.com,,,13/08/2026 09:35
fabe6bbb-5ea1-4db5-947b-c84c040c0f61,kwhr.hiv,available,195.99,195.99,high,low,5,namesilo,,,21/09/2026 11:57
12dd387a-3941-4c74-8ce1-f3823cfffbc7,apnea.hiv,available,,,medium,low,5,,,,19/09/2026 18:04
bdd2cb3d-13d8-49be-9c32-8135bb168038,gains.hiv,available,184.99,,medium,low,5,name.com,,,18/09/2026 18:50
507e2dcd-41d6-4d65-bf87-9e980c10e608,akaba.hiv,available,195.99,195.99,medium,low,5,namesilo,,,17/09/2026 23:49
52103ad9-942c-411a-8531-2cff9b2dbfdd,pass.hiv,available,195.99,195.99,high,low,4,namesilo,,,27/09/2026 02:49
706619d8-a9d4-4e48-8a34-c44e43c9ae97,jejune.hiv,available,184.99,184.99,medium,low,6,name.com,,,22/08/2026 12:45
e323698f-f6f7-4fc9-bbf9-d64d74d90461,apophthegm.hiv,available,195.99,195.99,medium,low,10,namesilo,,,19/09/2026 17:11
c304f551-f39c-48be-8bc9-97475dc88c53,talladega.hiv,available,195.99,195.99,medium,low,9,namesilo,,,29/09/2026 22:45
bae21e7f-6345-4664-9bbc-be595668126c,buckram.hiv,available,184.99,184.99,medium,low,7,name.com,,,11/08/2026 07:31
21cdefba-a2cb-4388-ba09-1fc68ecbbb66,greetings.hiv,available,184.9,184.9,high,low,9,spaceship,,,01/10/2026 18:03
7c48ca3a-a9f2-46ee-8670-596e8540ae1a,vesalius.hiv,available,195.99,195.99,high,low,8,namesilo,,,19/09/2026 04:28
0fc81d26-d83d-4b6f-a71e-ee376695bffa,qaeda.hiv,available,195.99,195.99,medium,low,5,namesilo,,,18/09/2026 00:59
80eb933b-129d-40d3-a632-e580be96c92a,blueprints.hiv,available,195.99,195.99,medium,low,10,namesilo,,,02/10/2026 02:59
9d21a4da-3dba-447c-bebd-886eaa35f52a,hustler.hiv,available,195.99,195.99,medium,low,7,namesilo,,,30/09/2026 17:21
903e74b2-5b5d-4633-b834-c870a008c1a3,dilatory.hiv,available,184.99,184.99,medium,low,8,name.com,,,14/08/2026 07:31
bad19966-6317-4368-b991-0da698a2f003,darpa.hiv,available,184.9,184.9,high,low,5,spaceship,,,01/10/2026 19:10
ce0b4ed3-d88a-4bf3-a03f-7b532b12a916,gunshot.hiv,available,184.9,184.9,medium,low,7,spaceship,,,28/09/2026 05:55
15801557-0555-4632-a792-0ecea1f1526b,harmful.hiv,available,184.99,184.99,medium,low,7,name.com,,,08/09/2026 09:32
44cb1cbf-2cd2-4da9-92a6-fabfb9a33443,hotshot.hiv,available,195.99,195.99,high,low,7,namesilo,,,21/09/2026 17:48
380ea128-6a6b-4f9b-90b7-a7c25c913451,peyton.hiv,available,184.9,184.9,medium,low,6,spaceship,,,28/09/2026 18:24
b8463e1e-4a09-46c3-ba2f-a6376b224e11,fingers.hiv,available,184.99,,medium,low,7,name.com,,,
9ee88064-0188-4c89-9257-86d23822ed51,planck.hiv,available,195.99,195.99,high,low,6,namesilo,,,28/09/2026 02:23
ec502932-45d4-40cd-8313-6a726748d9e3,gis.hiv,available,195.99,195.99,high,low,3,namesilo,,,28/09/2026 04:22
6240df51-6d93-4459-879d-46e650513580,flipping.hiv,available,184.99,,high,low,8,name.com,,,17/09/2026 18:25
09690641-f673-49b6-9be2-8bc3dba697c0,graeme.hiv,available,195.99,195.99,medium,low,6,namesilo,,,29/09/2026 03:58
d69216e3-beda-4532-838e-309b337450a2,edit.hiv,available,195.99,195.99,high,low,4,namesilo,,,29/09/2026 02:42
c640db5a-4d1e-41c4-bb92-be1827a487c2,submarines.hiv,available,184.86,184.86,medium,low,10,porkbun,,,29/09/2026 17:53
17fabe37-6ba3-4a0e-8215-2e2ae080e793,threesome.hiv,available,184.99,184.99,high,low,9,name.com,,,
f9628624-5d33-4989-99ba-78c074cd581b,bitchy.hiv,available,184.99,184.99,medium,low,6,name.com,,,10/08/2026 07:17
784344fe-6b84-450d-b19f-3abaf82bae34,coequal.hiv,available,184.99,184.99,medium,low,7,name.com,,,12/08/2026 15:22
0fb73f3a-369d-405c-b23f-664907a2de3a,opal.hiv,available,184.9,184.9,high,low,4,spaceship,,,30/09/2026 06:08
e18da6cf-941f-464b-bc95-55f659965a77,leith.hiv,available,195.99,195.99,medium,low,5,namesilo,,,28/09/2026 16:45
23f16b46-a577-42df-b5c6-026f2779b453,bookable.hiv,available,184.99,184.99,medium,low,8,name.com,,,10/08/2026 19:04
8ea65d78-b3c1-4086-8973-8b5a5ded09ab,specials.hiv,available,191.75,191.75,medium,low,8,dynadot,,,29/09/2026 17:33
9fe087c6-356a-411b-bb9b-601b40f3673f,generative.hiv,available,184.99,184.99,high,low,10,name.com,,,18/08/2026 21:24
0c3807d4-a57d-43ae-8f75-9eee1e0a5644,complaints.hiv,available,195.99,195.99,medium,low,10,namesilo,,,18/09/2026 03:41
63a998d1-a782-4079-bc5f-e2d6ac000ef7,darlene.hiv,available,184.9,184.9,high,low,7,spaceship,,,30/09/2026 21:02
26bd8811-1e62-429c-9784-a8488e7e951e,charabanc.hiv,available,195.99,195.99,medium,low,9,namesilo,,,21/09/2026 05:58
44f5659a-32f3-4d22-9046-a4d7d29ffc9b,composition.hiv,available,184.86,184.86,medium,low,11,porkbun,,,28/09/2026 22:45
cf9607f1-80a1-455c-bf6a-64a37828697d,arabian.hiv,available,184.99,184.99,high,low,7,name.com,,,06/08/2026 11:05
3bfe44a5-acbb-4d34-87e6-5879ad4a0516,spooky.hiv,available,195.99,195.99,high,low,6,namesilo,,,10/09/2026 09:49
27ef68ed-5a81-4579-90d8-470ea8957d4f,azactam.hiv,available,195.99,195.99,high,low,7,namesilo,,,21/09/2026 10:59
6f8f7235-2eb1-4ba7-b02c-b31fe424bc4d,magnetised.hiv,available,184.99,184.99,medium,low,10,name.com,,,24/08/2026 13:06
abf929a1-0f73-4bc3-bb98-f80a3c220ee9,lille.hiv,available,191.75,191.75,high,low,5,dynadot,,,28/09/2026 06:10
ae724d0e-51d8-4999-821a-5f54f1eae224,hitter.hiv,available,195.99,195.99,high,low,6,namesilo,,,22/09/2026 14:18
a34cb46f-1e3b-4509-ae08-451d19d9df66,nobility.hiv,available,195.99,195.99,high,low,8,namesilo,,,20/09/2026 05:50
936cf837-e0e2-4701-b042-883c704914a0,noodles.hiv,available,195.99,195.99,medium,low,7,namesilo,,,28/09/2026 17:23
35aab746-761c-4f45-a8cc-2b27ca998da6,robed.hiv,available,184.99,184.99,medium,low,5,name.com,,,06/08/2026 05:03
b6995458-5a71-4edf-b56b-954d718928e1,organised.hiv,available,195.99,195.99,high,low,9,namesilo,,,26/09/2026 00:28
b5b5c25c-36f7-4949-99cb-a0bd6ba3693c,adapting.hiv,available,195.99,195.99,medium,low,8,namesilo,,,02/10/2026 01:43
fdddd6f0-e91f-4d81-b541-bdf6db405c13,nurture.hiv,available,195.99,195.99,high,low,7,namesilo,,,09/09/2026 11:05
705a2918-0ea9-44ef-a6bc-e15890a836c7,uncensored.hiv,available,195.99,195.99,high,low,10,namesilo,,,12/09/2026 04:53
7a4fb6a4-358f-477c-bd3b-276ab36a1a85,colouring.hiv,available,184.99,184.99,high,low,9,name.com,,,12/08/2026 17:33
07a033f4-5784-4cda-a95c-6101d88e2a4d,thirst.hiv,available,184.86,184.86,high,low,6,porkbun,,,28/09/2026 19:46
0f561c8f-90e7-4229-a86a-24b39613790e,lit.hiv,available,195.99,195.99,high,medium,3,namesilo,,,25/09/2026 07:48
64db3ed4-2f87-493a-8fed-4042393cdab7,archery.hiv,available,195.99,195.99,high,low,7,namesilo,,,20/09/2026 02:00
a602d6ec-5ac0-497b-b006-2f4300eb3092,acceptor.hiv,available,195.99,195.99,high,low,8,namesilo,,,16/09/2026 22:02
6bbd1e1d-ccc7-4966-ba08-f8665e59a653,annexe.hiv,available,195.99,195.99,high,low,6,namesilo,,,19/09/2026 10:24
770bb161-5d15-4a94-9f57-7cbbeb5d9c6c,jolt.hiv,available,195.99,195.99,high,low,4,namesilo,,,25/09/2026 11:45
569fa5df-9bf1-4b4e-bae4-67e98ea4f053,super.hiv,available,184.99,184.99,high,medium,5,name.com,,,
14091c6b-c935-4ed8-9e7d-846f0f8525f5,lager.hiv,available,184.9,184.9,high,low,5,spaceship,,,30/09/2026 01:47
e492caeb-522c-4257-9a91-a3fa8c50fd5f,falklands.hiv,available,184.9,184.9,medium,low,9,spaceship,,,30/09/2026 14:15
031fc347-950c-410c-9166-30d21353084d,extempore.hiv,available,184.99,184.99,medium,low,9,name.com,,,
c250601f-3fc1-4f3b-9532-98922f7ceade,unionized.hiv,available,,,medium,low,9,,,,03/09/2026 19:29
df14fa9a-192d-42ed-ab67-2a65a1da2dff,revenge.hiv,available,195.99,195.99,high,low,7,namesilo,,,25/09/2026 10:18
e7f2e010-8aa0-4669-baea-489b8ae5c247,chicness.hiv,available,184.99,184.99,medium,low,8,name.com,,,12/08/2026 04:44
bb859777-bda7-4021-99a5-b5aff57907cb,discussed.hiv,available,195.99,195.99,medium,low,9,namesilo,,,27/09/2026 10:04
97feb02c-138e-489a-be1c-0fb48af30bcd,edgar.hiv,available,195.99,195.99,high,low,5,namesilo,,,25/09/2026 22:32
fbeae5a9-7c91-4ffb-a6de-a92305b4f79d,considerably.hiv,available,195.99,195.99,medium,low,12,namesilo,,,29/09/2026 14:23
c23963e8-4743-4525-bb69-c60d88ed801c,pissed.hiv,available,184.99,184.99,medium,low,6,name.com,,,
7c0f907a-ec6f-46f0-91b7-d9f74a0953bd,crc.hiv,available,184.9,184.9,high,low,3,spaceship,,,28/09/2026 21:11
da00dd0c-a335-4186-9878-677c17e1f2eb,enables.hiv,available,191.75,191.75,medium,low,7,dynadot,,,01/10/2026 00:35
0f0fb696-2854-43ab-a332-12ad65005208,baptists.hiv,available,195.99,195.99,high,low,8,namesilo,,,22/09/2026 03:33
2b5e60e8-f271-42b5-a11d-cc05c47fdba5,kiss.hiv,available,195.99,195.99,high,low,4,namesilo,,,29/09/2026 05:31
290f3c95-c2b0-481b-9ba0-16d6c5a8b878,turnabout.hiv,available,184.99,,medium,low,10,name.com,,,
ccbb5c25-9c75-4774-8730-5ed644b98040,gentle.hiv,available,184.99,184.99,high,low,6,name.com,,,06/08/2026 19:29
784d15a3-40cc-46ad-ab53-5e626ceb5cb2,ballup.hiv,available,195.99,195.99,medium,low,6,namesilo,,,21/09/2026 23:27
1c31aa6a-0049-4da2-9626-9e4f016dff61,neighbor.hiv,available,195.99,195.99,high,low,8,namesilo,,,30/09/2026 05:34
ca3cfbc9-b55b-4279-ab88-f08a0e469787,eskimo.hiv,available,184.9,184.9,high,low,6,spaceship,,,30/09/2026 09:35
e04119e4-9d2e-4a66-9664-461aa9ed41ae,ashlar.hiv,available,195.99,195.99,high,low,6,namesilo,,,20/09/2026 13:55
d5276762-9a36-4bd3-ada2-b25ce9bc4806,harrell.hiv,available,195.99,195.99,medium,low,7,namesilo,,,30/09/2026 13:41
05839f31-a35a-4c57-aae1-32f31a7a2036,exquisite.hiv,available,184.99,184.99,high,low,9,name.com,,,17/08/2026 18:54
2ca86203-5608-4433-8881-e20cbf75213d,stool.hiv,available,195.99,195.99,high,medium,5,namesilo,,,09/09/2026 00:53
1c83e630-b31b-4929-8a4a-f44af341f696,tangle.hiv,available,195.99,195.99,high,low,6,namesilo,,,25/09/2026 17:42
e8f78d1b-c97a-4fd5-bccd-9708684420fb,barksdale.hiv,available,195.99,195.99,medium,low,9,namesilo,,,02/10/2026 00:54
47c1da7b-341f-4481-87d8-0dc6d5c942b3,entourage.hiv,available,184.9,184.9,high,low,9,spaceship,,,01/10/2026 19:29
291dc545-1880-4ab3-b5ad-31895c5feb4d,nes.hiv,available,195.99,195.99,high,low,3,namesilo,,,28/09/2026 03:45
481be1bf-b281-4bec-bb02-db4a770c714c,bartholin.hiv,available,195.99,195.99,medium,low,9,namesilo,,,22/09/2026 09:14
32a71aa2-2e1b-419f-82f0-a8747d498476,indecent.hiv,available,184.99,184.99,medium,low,8,name.com,,,25/09/2026 09:06
e33dd8ca-6475-4ea0-bceb-7696da3ae485,colombian.hiv,available,184.99,184.99,high,low,9,name.com,,,12/08/2026 17:18
d31e4eba-f2aa-4d35-b8d2-14b584e2e1ba,heyday.hiv,available,184.99,184.99,high,low,6,name.com,,,18/08/2026 09:24
c71424a1-372d-41da-9456-c8ffec99f3fa,toughened.hiv,available,195.99,195.99,medium,low,9,namesilo,,,11/09/2026 10:54
02fb3456-c09e-439a-b027-5cc68ba649c4,concise.hiv,available,184.99,184.99,high,low,7,name.com,,,23/09/2026 19:03
9d811be4-ac56-4fcb-82bf-925f7b2f259f,combative.hiv,available,184.99,184.99,medium,low,9,name.com,,,
ae5284da-5eac-46ca-9216-03bb1c2473dd,pigmented.hiv,available,184.9,184.9,medium,low,9,spaceship,,,30/09/2026 14:34
03e22a4d-d8c9-4382-a07e-26a512952c4e,raw.hiv,available,184.99,184.99,high,low,3,name.com,,,08/08/2026 18:20
f8f9c3ac-cbf4-4a38-ace4-ae6737d67b56,multnomah.hiv,available,191.75,191.75,high,low,9,dynadot,,,30/09/2026 21:47
d01dc368-ab76-42b2-87ba-c4aee48f4874,colt.hiv,available,195.99,195.99,high,low,4,namesilo,,,28/09/2026 09:25
3394fb4e-5467-4678-b646-183c2d333718,spraying.hiv,available,184.9,184.9,high,low,8,spaceship,,,01/10/2026 19:08
ec606e25-8a9e-48f2-acab-1b62917fff57,johnson.hiv,available,195.99,195.99,high,low,7,namesilo,,,19/09/2026 04:46
5e720082-3d6d-431d-9f09-8dd98db45694,eyrie.hiv,available,184.99,184.99,high,low,5,name.com,,,
4a02ec27-8ea5-47b8-8289-a124b0995287,drafted.hiv,available,195.99,195.99,medium,low,7,namesilo,,,29/09/2026 04:48
3a1de471-c963-438f-a4bc-ca3f17ffbcce,typo.hiv,available,184.99,184.99,high,low,4,name.com,,,24/08/2026 07:23
b1c20cb2-eb9b-4e25-9047-9dad3242994d,greenness.hiv,available,184.99,184.99,high,low,9,name.com,,,20/08/2026 19:45
aa3eb631-babf-4657-aed0-ab9e471953a3,largo.hiv,available,184.99,184.99,medium,low,5,name.com,,,22/08/2026 19:59
a02ba087-727d-4003-9760-d0b6361ca358,spoil.hiv,available,195.99,195.99,high,low,5,namesilo,,,09/09/2026 08:16
3ea09005-e930-4e81-90e0-6378afe698f5,groundwork.hiv,available,184.9,184.9,high,low,10,spaceship,,,01/10/2026 19:04
cab27520-bb3b-40e0-a433-4987d141ef40,autoclave.hiv,available,195.99,195.99,high,low,9,namesilo,,,21/09/2026 06:03
3e3300de-17a5-466d-80b0-15d2c040caab,moderato.hiv,available,184.99,184.99,medium,low,8,name.com,,,25/08/2026 02:58
844b5cc4-d8ca-4e1c-8d9c-0f29c0e0b2d7,landed.hiv,available,184.99,184.99,high,low,6,name.com,,,22/08/2026 19:22
ec636f2a-1c7a-4f82-9979-dbd513d4bf6b,thallus.hiv,available,191.75,191.75,medium,low,7,dynadot,,,30/09/2026 18:57
f0b4a71f-aebd-4456-a5b1-a1306f69c2cd,burnish.hiv,available,195.99,195.99,high,low,7,namesilo,,,08/09/2026 23:02
720a6884-6501-483a-a1be-72594aabdc75,paso.hiv,available,195.99,195.99,medium,low,4,namesilo,,,29/09/2026 03:36
6e98a283-035c-494a-b8c1-b30f85b584a6,miraculous.hiv,available,184.99,184.99,high,low,10,name.com,,,21/08/2026 02:29
e240fc47-80cb-45fe-877d-a9e3de3857ec,sleazy.hiv,available,184.99,184.99,medium,low,6,name.com,,,11/08/2026 09:04
2c07b79f-e33d-42dc-80c8-0062fd47a028,grenades.hiv,available,184.9,184.9,low,low,8,spaceship,,,30/09/2026 00:32
7dee9b18-b479-47e8-9c39-c342ac0cdadf,hershey.hiv,available,195.99,195.99,high,low,7,namesilo,,,01/10/2026 02:30
36b4249b-af22-4db1-896c-cb6872143923,sorbed.hiv,available,195.99,195.99,medium,low,6,namesilo,,,10/09/2026 14:27
c3964dfb-d8bf-4f3e-b330-d0264a2a794f,kathleen.hiv,available,195.99,195.99,high,low,8,namesilo,,,25/09/2026 14:34
90b49881-7e01-4ccd-a87d-a2387e71d2ae,subclass.hiv,available,195.99,195.99,medium,low,8,namesilo,,,30/09/2026 11:06
7639e7c5-7bc0-4f15-ac58-9e57c56ce17f,ste.hiv,available,195.99,195.99,high,low,3,namesilo,,,27/09/2026 07:49
3132fa4a-6f47-4f58-939d-fbb4b9d9fa1e,quickness.hiv,available,184.9,184.9,high,low,9,spaceship,,,28/09/2026 18:29
f4847cae-6424-4785-aa93-1ba0e377231d,nutlike.hiv,available,195.99,195.99,medium,low,7,namesilo,,,03/09/2026 23:16
46f4a876-f092-4c82-bae2-fe8ebbb25d8c,social.hiv,available,195.99,195.99,high,medium,6,namesilo,,,19/09/2026 17:20
df7f371b-bc63-46a0-829d-36240906a44e,thom.hiv,available,195.99,195.99,medium,low,4,namesilo,,,28/09/2026 04:11
07cc83e9-37e9-457f-8602-972dce51b7f0,kenneth.hiv,available,,,high,low,7,,,,25/09/2026 19:13
91b546cf-880b-4764-bb1b-2684cead4d4b,roach.hiv,available,184.9,184.9,medium,low,5,spaceship,,,29/09/2026 06:23
12023784-3f1b-497e-a423-8065d41c5f8c,spay.hiv,available,184.99,184.99,medium,low,4,name.com,,,03/09/2026 16:33
89da1df3-e2be-429c-b00d-683556dab452,blowout.hiv,available,184.9,184.9,high,low,7,spaceship,,,27/09/2026 16:59
92c78e58-db4a-4d80-aae7-450f0163930b,losers.hiv,available,184.86,184.86,medium,low,6,porkbun,,,28/09/2026 04:59
3649963d-2e96-4280-abf4-d508f67624c2,vargas.hiv,available,195.99,195.99,high,low,6,namesilo,,,27/09/2026 04:13
fb1730cc-64c4-4240-8ca8-76c4d66ebfa5,cive.hiv,available,195.99,195.99,medium,low,4,namesilo,,,18/09/2026 11:31
d2e8be43-ad45-4edf-b37b-0f9513379e31,angles.hiv,available,191.75,191.75,medium,low,6,dynadot,,,28/09/2026 16:57
0ab5e5fd-57ac-4ce0-b649-176fe0471c84,audubon.hiv,available,195.99,195.99,medium,low,7,namesilo,,,21/09/2026 03:14
79bda293-7e6c-425c-880a-efaea3b85b17,humboldt.hiv,available,195.99,195.99,high,low,8,namesilo,,,22/09/2026 07:04
a36297d4-9200-4ac9-8f2b-9030f257a48a,multiplication.hiv,available,184.99,,medium,low,14,name.com,,,
cfa5791f-6b8b-4a2d-882b-8a921a8b1c49,flea.hiv,available,184.9,184.9,high,low,4,spaceship,,,29/09/2026 06:57
9d197135-8bee-49ac-ab93-f3aeaf755860,silverman.hiv,available,195.99,195.99,medium,low,9,namesilo,,,28/09/2026 12:16
e0402695-3991-4ad7-afd6-40b098077296,bulbs.hiv,available,184.9,184.9,medium,low,5,spaceship,,,30/09/2026 06:36
0e51e1fa-1356-4d91-8961-f252478480c3,sheetlike.hiv,available,195.99,195.99,high,medium,9,namesilo,,,10/09/2026 06:21
7d90c296-0c57-4ce1-8b25-67dea028a7f6,missing.hiv,available,195.99,195.99,high,low,7,namesilo,,,25/09/2026 16:55
9ffaa051-caa8-41ed-a610-a217e2364411,antwerpen.hiv,available,195.99,195.99,medium,low,9,namesilo,,,19/09/2026 15:48
43a2f62f-0018-4ee2-b78f-108e082ce29f,bulimic.hiv,available,184.99,184.99,medium,low,7,name.com,,,11/08/2026 08:26
fc47407c-0d0c-4096-aea4-b562b68b3b21,tripped.hiv,available,184.9,184.9,medium,low,7,spaceship,,,01/10/2026 00:50
b31c786d-6399-4c09-8b19-925b714709c5,osceola.hiv,available,184.9,184.9,medium,low,7,spaceship,,,29/09/2026 22:43
51acdffe-c00d-4647-be46-e5101cee6d57,kilometers.hiv,available,195.99,195.99,medium,low,10,namesilo,,,28/09/2026 23:06
47f4e176-a8f2-4605-806a-d083e48091bb,edwin.hiv,available,195.99,195.99,high,low,5,namesilo,,,25/09/2026 05:17
b4281fdf-f0b8-404c-aaf9-d72a2426a920,hokum.hiv,available,,,medium,low,5,,,,03/09/2026 20:34
48f1d1dd-f395-46e0-9de9-0fc62c9c4341,astute.hiv,available,195.99,195.99,high,low,6,namesilo,,,22/09/2026 10:35
c057603f-a214-40f4-845b-f3313fd02f8e,mio.hiv,available,184.9,184.9,high,low,3,spaceship,,,30/09/2026 12:31
c793772b-d6eb-46ea-be63-6bfa08e21b60,dangers.hiv,available,195.99,195.99,medium,low,7,namesilo,,,18/09/2026 04:42
77c33f09-bc83-435a-83b4-16d390d826b4,cxx.hiv,available,,,high,low,3,,,,
2fd3136f-5439-467f-9898-cf337d13fb80,pianistic.hiv,available,,,high,medium,9,,,,08/09/2026 19:28
46b02c2c-d2e4-4085-8f44-58df572fc63f,metastable.hiv,available,184.99,184.99,medium,low,10,name.com,,,24/08/2026 21:47
21b8a377-dc72-4a6d-b012-5849670382f6,delible.hiv,available,184.99,184.99,low,low,7,name.com,,,14/08/2026 00:35
6648f135-b129-497b-9b06-c020524af04b,marty.hiv,available,195.99,195.99,high,low,5,namesilo,,,25/09/2026 15:43
65748d24-cb4f-4ee7-8d8d-6fd7a9448776,count.hiv,available,195.99,195.99,high,low,5,namesilo,,,25/09/2026 23:32
96cf3330-8d84-477a-ab11-4937d8f46c95,nether.hiv,available,184.99,184.99,high,low,6,name.com,,,12/08/2026 07:29
72671772-4ad8-43fd-b59a-d822d409b93e,calando.hiv,available,184.99,184.99,medium,low,7,name.com,,,11/08/2026 13:34
9c906cf7-f55f-4048-a11b-b407286666fc,crafty.hiv,available,195.99,195.99,high,low,6,namesilo,,,24/09/2026 01:24
99711e36-2b6c-4241-9162-95ff0d195e15,seperation.hiv,available,195.99,195.99,low,low,10,namesilo,,,18/09/2026 17:16
d483a9d2-342c-42c0-9077-c8afb8ffb2bf,scam.hiv,available,195.99,195.99,high,low,4,namesilo,,,14/09/2026 08:03
e045b9e7-0968-45d0-bb39-4cda77ade39b,obedience.hiv,available,195.99,195.99,high,low,9,namesilo,,,29/09/2026 13:35
a4155786-09ba-49a6-8bf3-55bce5167156,gallium.hiv,available,195.99,195.99,high,low,7,namesilo,,,20/09/2026 22:50
2e2d330f-5ff6-4e91-9ded-b74d3da5c411,nailed.hiv,available,195.99,195.99,medium,low,6,namesilo,,,18/09/2026 21:49
b424a519-c41a-42d2-9de9-572c3a1c47a4,rifles.hiv,available,184.9,184.9,low,low,6,spaceship,,,28/09/2026 08:46
d3294e5a-3220-4118-886b-435ce634abc0,bey.hiv,available,195.99,195.99,medium,low,3,namesilo,,,23/09/2026 12:10
0d36dd5d-815d-4fe9-be8e-7f0136005582,squabble.hiv,available,195.99,195.99,medium,low,8,namesilo,,,23/09/2026 13:15
68f12825-ca38-47e0-8b0e-59dab14d3190,trades.hiv,available,195.99,195.99,high,low,6,namesilo,,,30/09/2026 13:41
3506b6b6-09f3-46b9-a7aa-b6eb3c1313ec,parks.hiv,available,184.9,184.9,high,low,5,spaceship,,,30/09/2026 06:26
f85b4be4-6622-4004-a65b-326cdbd77741,ephemeron.hiv,available,184.99,184.99,medium,low,9,name.com,,,17/08/2026 10:22
3497eb40-924c-425f-8c41-25008eca79b1,costing.hiv,available,184.9,184.9,high,low,7,spaceship,,,29/09/2026 18:29
3af024cb-e3a2-4501-ab6d-7a961ad02464,principles.hiv,available,184.99,,high,low,10,name.com,,,
bc583aee-56ab-4450-9a17-6c7df7e421c2,primacy.hiv,available,195.99,195.99,high,low,7,namesilo,,,01/10/2026 03:21
ec547e6c-df46-4479-8341-08d61330b863,encore.hiv,available,184.9,184.9,high,high,6,spaceship,,,29/09/2026 18:47
3024d365-75be-4d45-ab46-ac63f7c75f16,cyborg.hiv,available,,,high,low,6,,,,23/09/2026 18:37
63c4fbd1-d458-4c6b-9cfe-ef829ddcd309,opaline.hiv,available,195.99,195.99,medium,low,7,namesilo,,,04/09/2026 15:45
1ed680ae-9e57-4e55-9c51-3075aa928789,miscellaneous.hiv,available,184.9,184.9,high,low,13,spaceship,,,30/09/2026 12:33
1cce71ab-46d2-40e3-95b8-ba63d1ed66a2,ledge.hiv,available,195.99,195.99,high,low,5,namesilo,,,29/09/2026 01:33
f8c5d348-5848-4bd0-b228-696342f80414,titulary.hiv,available,195.99,195.99,medium,low,8,namesilo,,,11/09/2026 16:34
f7cab5dc-09e5-47e3-a5a2-f4327963d836,mannered.hiv,available,184.99,184.99,medium,low,8,name.com,,,24/08/2026 15:18
12820bb0-3963-4820-834e-4f115b3cc0fe,experimenting.hiv,available,195.99,195.99,high,low,13,namesilo,,,29/09/2026 08:49
c388e28a-d48d-40bb-bcee-2f5aabd60770,chiseled.hiv,available,184.99,184.99,medium,low,8,name.com,,,12/08/2026 06:05
36de4409-638e-46d1-ac01-e3fd1604a021,farmington.hiv,available,195.99,195.99,high,low,10,namesilo,,,28/09/2026 05:41
174d404a-30ac-4be6-a55b-ee7a009c90fe,soapy.hiv,available,184.99,184.99,medium,low,5,name.com,,,11/08/2026 11:48
7fe79041-ae5a-4c2a-8472-f26c1bdfb8e6,ibsen.hiv,available,195.99,195.99,high,low,5,namesilo,,,29/09/2026 13:02
a54166e2-603f-44dd-a4bd-6f5521fa05ba,concisely.hiv,available,195.99,195.99,medium,low,9,namesilo,,,14/09/2026 08:10
ab19b7ef-f4da-43dc-a1fa-987fe0a56cb9,sincerity.hiv,available,195.99,195.99,high,low,9,namesilo,,,29/09/2026 06:41
6297af3e-e38a-48d3-8cd9-2b922e4da651,coventry.hiv,available,195.99,195.99,medium,low,8,namesilo,,,22/09/2026 02:09
fcd29650-4f28-4d0a-8170-adf45653d2ce,campaigner.hiv,available,195.99,195.99,high,low,10,namesilo,,,29/09/2026 06:13
897399dc-dcdd-4728-b483-17fe9d71937a,leakage.hiv,available,184.86,184.86,high,low,7,porkbun,,,01/10/2026 20:17
a265e2f6-2a0e-4d12-858a-b0f830ffbc3c,dehydration.hiv,available,184.9,184.9,medium,low,11,spaceship,,,30/09/2026 23:19
cd13ccab-a387-4ee3-8d95-ef8e321f12aa,allowable.hiv,available,184.99,184.99,high,low,9,name.com,,,
55cfb0bd-8259-4827-a927-251b0e77e14f,scaring.hiv,available,191.75,191.75,low,low,7,dynadot,,,02/10/2026 03:46
82f03d1f-55db-4894-b5d3-3fb7adf4e73d,mbta.hiv,available,195.99,195.99,high,low,4,namesilo,,,02/10/2026 00:06
c2e60f03-d652-4adf-af65-7d58e68fc5ef,acronym.hiv,available,191.75,191.75,high,low,7,dynadot,,,28/09/2026 18:01
3a350665-9e5e-4f7e-8977-803fde837495,bankhead.hiv,available,195.99,195.99,medium,low,8,namesilo,,,22/09/2026 02:47
5805e542-ed64-43e4-a355-0268abac333a,tse.hiv,available,195.99,195.99,high,low,3,namesilo,,,29/09/2026 09:12
16f3a466-f8fe-40f6-a963-4d9e77aa0c86,tongan.hiv,available,195.99,195.99,high,low,6,namesilo,,,11/09/2026 17:06
ad4e7a71-e9a4-4a32-ad07-e883ff0eacca,apia.hiv,available,195.99,195.99,medium,low,4,namesilo,,,19/09/2026 17:18
4d787309-5756-4f86-8bb1-7a32ca5c8b6d,bute.hiv,available,184.9,184.9,medium,low,4,spaceship,,,29/09/2026 22:36
7ebb9371-3843-4cd9-8d78-651eb9dbe6a5,retrieval.hiv,available,184.9,184.9,high,low,9,spaceship,,,30/09/2026 02:43
05ecb271-aa3b-4f4a-bac3-d740c36fbd47,pelagic.hiv,available,195.99,195.99,high,low,7,namesilo,,,04/09/2026 00:27
d9730f1f-a7d5-4a70-b102-a3323ce69f17,soulfully.hiv,available,195.99,195.99,medium,low,9,namesilo,,,16/09/2026 05:30
982d8a64-5330-4c6a-8191-e93faf5dc0e3,cissy.hiv,available,184.99,184.99,medium,low,5,name.com,,,12/08/2026 08:40
31e67da5-a89e-4f43-b6a0-de956116861c,sweptwing.hiv,available,195.99,195.99,medium,low,9,namesilo,,,11/09/2026 05:46
9919bed0-57b8-48ba-8e14-6ee789ab1a70,cyclosis.hiv,available,195.99,195.99,medium,low,8,namesilo,,,10/09/2026 22:24
dfb33c36-8b04-4fa2-bb86-e97dc177e419,steriliser.hiv,available,195.99,195.99,medium,low,10,namesilo,,,21/09/2026 06:06
7c0b7b93-41d6-4127-b03a-1ad9e4c2649f,tabs.hiv,available,195.99,195.99,medium,low,4,namesilo,,,20/09/2026 01:36
7bc91d0e-85f5-4578-9dc8-844b6101f5a7,scholarly.hiv,available,184.99,184.99,high,low,9,name.com,,,09/09/2026 23:11
9419ec01-21fb-47dc-8248-6293f938ec0b,snow.hiv,available,195.99,195.99,high,medium,4,namesilo,,,29/09/2026 01:12
4d7e5520-a5b1-4ecf-8e48-ab4e25c85934,backdrop.hiv,available,195.99,195.99,high,low,8,namesilo,,,21/09/2026 15:21
48684aed-e229-4046-a409-4addd60e8703,endorsement.hiv,available,184.9,184.9,high,low,11,spaceship,,,29/09/2026 04:49
e8ff48b4-55bf-4ecf-ba4f-319e34b1df6d,ashland.hiv,available,195.99,195.99,high,low,7,namesilo,,,27/09/2026 08:14
3c72ceea-74ad-4c2f-8288-59ba703116f7,acquisitions.hiv,available,191.75,191.75,medium,low,12,dynadot,,,01/10/2026 18:34
e0ec5d58-8377-4e3a-8d3e-f512a1df77a2,slender.hiv,available,184.99,184.99,high,low,7,name.com,,,24/08/2026 01:14
ec557cd6-e1e1-4a7a-bb8e-6eb623b046df,sylvan.hiv,available,195.99,195.99,high,medium,6,namesilo,,,10/09/2026 08:11
4fe41646-45be-47c6-b60a-4aed66784776,terminally.hiv,available,195.99,195.99,medium,low,10,namesilo,,,16/09/2026 08:25
6c026c95-973e-4f8f-8820-737d7f313cd3,demonic.hiv,available,184.99,184.99,medium,low,7,name.com,,,14/08/2026 01:26
96196ce2-cb53-465d-b0e7-499f779bde7e,keg.hiv,available,184.9,184.9,high,low,3,spaceship,,,01/10/2026 20:12
b14ee473-b310-4321-8332-309f633bc8fa,flirt.hiv,available,,,high,low,5,,,,24/09/2026 18:13
1877dcc7-a1ad-48e4-b587-0f2618b59e24,informant.hiv,available,184.9,184.9,high,low,9,spaceship,,,28/09/2026 14:31
3e426983-89db-464f-8bf5-7dcd359342a2,counting.hiv,available,195.99,195.99,high,low,8,namesilo,,,25/09/2026 04:26
4229fef5-eeb1-4f43-b284-ba9264c19412,aggressor.hiv,available,195.99,195.99,medium,low,9,namesilo,,,17/09/2026 17:41
21771b8c-a961-4717-a4cf-dee2f5fae33c,ungroomed.hiv,available,195.99,195.99,medium,low,9,namesilo,,,12/09/2026 11:34
98b71aab-928c-49a4-86af-ce9450453050,afford.hiv,available,195.99,195.99,high,low,6,namesilo,,,25/09/2026 11:07
f8807bfd-b988-46b3-8417-045a05f99a31,sincere.hiv,available,195.99,195.99,high,low,7,namesilo,,,24/09/2026 13:03
3b735951-a756-4179-9208-b5328baa090b,armory.hiv,available,195.99,195.99,high,low,6,namesilo,,,20/09/2026 07:31
489ba2e8-d79a-4b23-97eb-60964ba0be8a,cameo.hiv,available,191.75,191.75,high,low,5,dynadot,,,02/10/2026 04:15
3f1ed719-49f4-4111-a57a-b6c6c01e2a8e,binger.hiv,available,195.99,195.99,medium,low,6,namesilo,,,23/09/2026 17:33
c2e8d8cd-8e5e-4132-bf46-8b262b00257e,moustaches.hiv,available,195.99,195.99,medium,low,10,namesilo,,,20/09/2026 09:53
55d196f7-8a9b-47ee-8056-e0ade0f79c83,pulmonary.hiv,available,195.99,195.99,high,low,9,namesilo,,,09/09/2026 05:54
3659110d-9469-4261-aa83-35dedb6bfc45,investment.hiv,available,184.9,184.9,high,low,10,spaceship,,,30/09/2026 16:09
b96b4b86-3f64-455c-9c2d-f1a4467910e9,acinus.hiv,available,195.99,195.99,medium,low,6,namesilo,,,17/09/2026 01:46
0221847a-c872-4d7c-a7cf-de178e3cce8d,knock.hiv,available,195.99,195.99,high,low,5,namesilo,,,27/09/2026 03:49
f3a768fc-9827-42a4-aa13-5f54942378c5,einstein.hiv,available,184.9,184.9,high,low,8,spaceship,,,28/09/2026 20:04
e1d5a957-4bd6-44fd-9724-f4eb8485ed03,hamid.hiv,available,195.99,195.99,medium,low,5,namesilo,,,28/09/2026 16:11
6acbe28d-6a8f-4760-8748-f9b1bb5768ab,receptionist.hiv,available,184.9,184.9,high,low,12,spaceship,,,30/09/2026 12:16
ca82056e-6f08-403a-8848-089c14427df5,umbilicus.hiv,available,195.99,195.99,high,low,9,namesilo,,,23/09/2026 06:37
2b0e8ae5-424a-45db-9fda-868ef896a665,devout.hiv,available,184.99,184.99,high,low,6,name.com,,,14/08/2026 05:17
2559f8cc-753b-4fe9-9a19-8529864f66aa,hof.hiv,available,184.9,184.9,high,low,3,spaceship,,,30/09/2026 19:41
b819ffa2-6448-4f8a-b4b6-7e2a98751ec3,executing.hiv,available,184.9,184.9,medium,low,9,spaceship,,,29/09/2026 07:22
6e0d2bc2-2744-4441-932b-87e92830ef74,severus.hiv,available,184.9,184.9,high,low,7,spaceship,,,30/09/2026 05:41
54a38ae1-f08f-44c9-ac63-9f5aee0afea8,sequencing.hiv,available,195.99,195.99,high,low,10,namesilo,,,02/10/2026 03:03
da845183-8eac-48a5-af7a-aab19cd7e821,het.hiv,available,184.99,184.99,medium,low,3,name.com,,,21/08/2026 02:20
7cb85182-4320-4da3-8f20-3968887acaa6,langton.hiv,available,184.9,184.9,medium,low,7,spaceship,,,01/10/2026 11:01
3882a3e9-7dc5-4964-b3a0-dfcc9583a4a1,connors.hiv,available,184.9,184.9,medium,low,7,spaceship,,,29/09/2026 06:24
7328a28d-9b61-4047-84ca-779dd0359c5e,hemphill.hiv,available,195.99,195.99,medium,low,8,namesilo,,,01/10/2026 23:34
f5c8a593-22ec-439c-885b-b2eea2155bb0,hydrostatic.hiv,available,195.99,195.99,medium,low,11,namesilo,,,02/10/2026 01:37
eb236a9d-988a-46c2-87b2-468002e6bf87,stabbed.hiv,available,184.9,184.9,low,low,7,spaceship,,,28/09/2026 00:02
287f9883-94e2-471f-be6d-f307cc4237c9,robert.hiv,available,195.99,195.99,high,low,6,namesilo,,,25/09/2026 07:17
f1e035f0-9e16-453b-8d45-94200f6ce10c,suspension.hiv,available,184.9,184.9,high,low,10,spaceship,,,28/09/2026 16:59
b2937b45-14a3-4189-86b8-25d60c5a1ded,cohort.hiv,available,195.99,195.99,high,low,6,namesilo,,,17/09/2026 16:45
aca3bf57-0474-4d07-b6b8-c8f64ce823b0,firmament.hiv,available,184.99,184.99,high,low,9,name.com,,,16/08/2026 20:58
22ee7b2b-bd49-4ed4-bb4a-c8f88e19edbd,packing.hiv,available,195.99,195.99,high,low,7,namesilo,,,29/09/2026 00:21
ff3c1a8d-cffc-410e-89f1-a5ef66c61b43,hogs.hiv,available,195.99,195.99,low,low,4,namesilo,,,01/10/2026 16:49
1c2ba8a1-7d33-492a-bb5c-d1cb9f595d6c,behring.hiv,available,195.99,195.99,high,low,7,namesilo,,,23/09/2026 04:03
eb09735a-26a8-4388-af22-67d6b3f9da49,clement.hiv,available,184.99,184.99,high,low,7,name.com,,,12/08/2026 10:42
b27d7fe1-ff6f-4681-82d3-e0c08a014e40,reddish.hiv,available,195.99,195.99,high,low,7,namesilo,,,19/09/2026 03:49
b9bc5454-0f7e-4587-8bb3-60a4a3723bed,quickest.hiv,available,,,medium,low,8,,,,14/09/2026 17:48
c9b228a9-dcbd-4123-8803-0a13895d331b,uncut.hiv,available,195.99,195.99,high,low,5,namesilo,,,12/09/2026 06:52
2b8a628c-4652-4e6b-be3d-ef1a7dde787b,litigation.hiv,available,184.9,184.9,high,low,10,spaceship,,,30/09/2026 02:06
d2d862b7-5d38-461a-8923-bdb647fb3471,dismal.hiv,available,184.99,184.99,medium,low,6,name.com,,,14/08/2026 11:38
f68c7de8-4d6f-494f-a075-933888a365b5,papa.hiv,available,195.99,195.99,high,low,4,namesilo,,,27/09/2026 04:37
ff66a869-8fb1-4a91-ab9e-686eaaadc417,boarded.hiv,available,191.75,191.75,high,low,7,dynadot,,,01/10/2026 23:19
e756a2d5-cb3b-406d-927a-07901cde106b,hooligan.hiv,available,184.99,184.99,medium,low,8,name.com,,,11/08/2026 08:39
27fe7414-4d94-48e2-b462-084ff3885ca0,scheduling.hiv,available,195.99,195.99,high,low,10,namesilo,,,29/09/2026 02:34
3b784c0f-5de8-4af3-8370-fb449f76a508,adenoid.hiv,available,184.99,184.99,medium,low,7,name.com,,,
292cb151-f549-4b92-8034-d8be3152c88c,insider.hiv,available,184.9,184.9,high,low,7,spaceship,,,29/09/2026 19:20
ee79eee1-505d-4c54-9747-620b63a75a83,microbial.hiv,available,195.99,195.99,high,low,9,namesilo,,,08/09/2026 09:41
3c1ae0c2-02b0-4f5e-84e6-62bf31ee72b4,pomegranates.hiv,available,195.99,195.99,medium,low,12,namesilo,,,20/09/2026 01:42
78cdbb33-364d-49d5-b7d7-10254c0b6918,inglorious.hiv,available,184.99,184.99,medium,low,10,name.com,,,21/08/2026 18:25
1f531e85-9cc3-4e8a-b39d-c91322778e22,tub.hiv,available,191.75,191.75,high,low,3,dynadot,,,29/09/2026 01:33
357f00e0-0756-4ab4-8323-1228e2aefcf3,dawn.hiv,available,195.99,195.99,high,low,4,namesilo,,,28/09/2026 01:54
8ad232c3-a02b-45e9-912a-8c78b91142cc,antagonist.hiv,available,195.99,195.99,high,low,10,namesilo,,,17/09/2026 10:48
1f91752c-5fe4-4861-a424-08fed55f2c37,forth.hiv,available,195.99,195.99,high,low,5,namesilo,,,22/09/2026 14:59
3b0ad12a-10b4-4461-9fba-d8ce73d0be3a,crispy.hiv,available,184.99,184.99,high,low,6,name.com,,,13/08/2026 07:23
f1ae1823-b745-499b-a5bd-56733145a967,transitive.hiv,available,,,high,low,10,,,,11/09/2026 18:55
d73357ed-2308-440a-9114-5f0dce7ded86,boney.hiv,available,184.99,184.99,medium,low,5,name.com,,,10/08/2026 18:44
9ccd553c-b7c8-4d1b-988e-5f3e506039ac,rough.hiv,available,184.99,184.99,high,low,5,name.com,,,06/08/2026 09:39
c66993f2-2f42-45f7-941f-f322366e71a8,lindsey.hiv,available,,,high,low,7,,,,25/09/2026 19:35
f743ba84-74b7-49d7-844f-34214dffd315,tbilisi.hiv,available,184.86,184.86,medium,low,7,porkbun,,,28/09/2026 20:36
c7c91afe-fe99-4aea-afb2-68cd48865381,dutiful.hiv,available,184.99,184.99,high,low,7,name.com,,,14/08/2026 21:39
7a35110d-1387-4ce9-a8a8-26f380613aef,celsius.hiv,available,195.99,195.99,high,low,7,namesilo,,,19/09/2026 04:00
68284509-9902-4743-a8d0-0b5760fc5de0,barmy.hiv,available,184.99,184.99,medium,low,5,name.com,,,06/08/2026 20:25
844c6eed-85ec-45f9-97b3-c95a062e5eda,mindful.hiv,available,184.99,184.99,high,low,7,name.com,,,24/08/2026 23:36
8ce95eed-3916-40c9-8690-2176b883cfe9,alienage.hiv,available,195.99,195.99,medium,low,8,namesilo,,,18/09/2026 07:33
5794e9fe-6484-4a6f-9af4-db98082ca429,nickname.hiv,available,195.99,195.99,high,low,8,namesilo,,,24/09/2026 11:25
e4add08b-d620-4dba-9233-2e342f438592,debonair.hiv,available,184.99,184.99,high,low,8,name.com,,,12/08/2026 05:58
10d98af7-62d4-4d24-ba51-7846e767b9b0,nuprin.hiv,available,195.99,195.99,high,low,6,namesilo,,,17/09/2026 11:20
d65599de-f831-4d39-a20d-9261316b38f7,unpleasant.hiv,available,195.99,195.99,medium,low,10,namesilo,,,12/09/2026 16:58
eefee21e-715c-4a1a-a09b-d3fa24315ddc,barony.hiv,available,195.99,195.99,medium,low,6,namesilo,,,22/09/2026 07:36
c67fef86-be22-4f7f-9783-ebbae118751f,scheme.hiv,available,195.99,195.99,high,low,6,namesilo,,,30/09/2026 10:40
9a03fe61-802b-40fe-bb2e-f69c57e0b31e,augmented.hiv,available,195.99,195.99,high,low,9,namesilo,,,29/09/2026 12:46
f5521f00-5aa3-4a61-994c-bf9cf0294abb,frisky.hiv,available,184.99,184.99,high,low,6,name.com,,,18/08/2026 16:02
87fa8117-6c96-4081-bd6d-2d97b20bf83a,tears.hiv,available,195.99,195.99,high,low,5,namesilo,,,24/09/2026 02:29
84578bed-2940-40d6-8e23-ab8030b4f704,agronomist.hiv,available,,,medium,low,10,,,,17/09/2026 19:41
4173134d-a4c7-4d26-9ba7-1c90aa825fdb,bearable.hiv,available,184.99,184.99,medium,low,8,name.com,,,09/08/2026 04:27
ffb894e4-9e43-4cef-a5ee-7ae015dd38b4,recharge.hiv,available,195.99,195.99,high,low,8,namesilo,,,01/10/2026 04:24
6e2d3662-a6df-4c95-8044-6da28a386ccf,alton.hiv,available,195.99,195.99,high,low,5,namesilo,,,27/09/2026 07:13
521d14e3-cc5b-47ac-860d-84e9ca013d8c,bagful.hiv,available,,,medium,low,6,,,,21/09/2026 17:57
b5dc0894-87e4-42db-8468-8fb49eb27078,glass.hiv,available,195.99,195.99,high,low,5,namesilo,,,29/09/2026 14:00
6f20228b-836a-4378-8761-7b1904d94d33,nostrils.hiv,available,184.99,,medium,low,8,name.com,,,
db2ec79f-5a02-4282-96d5-2bd8c52caa7f,unhurt.hiv,available,195.99,195.99,high,medium,6,namesilo,,,09/09/2026 20:45
e5975138-380e-4f68-8739-3afd423ad50f,pages.hiv,available,195.99,195.99,high,low,5,namesilo,,,17/09/2026 10:38
a503e568-ec56-4e43-89b7-c9f7a131e019,aglet.hiv,available,,,medium,low,5,,,,17/09/2026 18:21
72108a38-ceef-4815-9f42-7085c909dcd2,smaller.hiv,available,195.99,195.99,high,low,7,namesilo,,,25/09/2026 14:03
7d741f2e-19e2-4823-8590-7fc211ae8ec2,ruinous.hiv,available,184.99,184.99,medium,low,7,name.com,,,10/08/2026 13:28
96d6fc5a-64ec-4936-ab22-8a936aafac77,minna.hiv,available,184.86,184.86,high,low,5,porkbun,,,01/10/2026 06:17
a7fa247f-291c-4b95-bca9-5fa3c6edcbc5,opportunities.hiv,available,191.75,191.75,medium,low,13,dynadot,,,28/09/2026 08:42
df207cc8-3795-4979-9b33-da99ae6898cc,undogmatic.hiv,available,184.99,184.99,medium,low,10,name.com,,,18/08/2026 14:50
85a559e4-2738-47b9-be7c-1c3d025cbfa6,nebular.hiv,available,184.99,184.99,medium,low,7,name.com,,,12/08/2026 12:39
62ebe10d-46e7-446e-b2ec-2868264e67b6,intolerant.hiv,available,184.99,184.99,medium,low,10,name.com,,,21/08/2026 20:02
01c98127-7044-46c9-aa71-bd5c24f98138,roxanne.hiv,available,195.99,195.99,high,low,7,namesilo,,,01/10/2026 23:46
dd3be6e7-e00f-4d58-8a73-9e9da5a26761,disturbance.hiv,available,195.99,195.99,medium,low,11,namesilo,,,28/09/2026 12:34
37ccf987-1b9f-4bf7-b3dc-4f19916301af,eventide.hiv,available,184.99,184.99,high,low,8,name.com,,,17/08/2026 14:48
6f756016-f3e4-45df-998a-51a14f475ec8,baldy.hiv,available,195.99,195.99,medium,low,5,namesilo,,,21/09/2026 21:43
b31ee7e4-b523-4312-9474-d0de66035c7c,automaton.hiv,available,195.99,195.99,high,low,9,namesilo,,,21/09/2026 07:00
e1f9a0f0-7391-440e-99f5-83053642d0a4,cries.hiv,available,184.9,184.9,low,low,5,spaceship,,,28/09/2026 08:31
54f5433d-c7f2-444d-92bb-5ac0b6f5feb6,avocation.hiv,available,195.99,195.99,medium,low,9,namesilo,,,21/09/2026 09:37
3318c919-9ec8-43fe-9ff3-a0ae3bbbf7f8,sleeve.hiv,available,184.9,184.9,high,low,6,spaceship,,,27/09/2026 15:53
bad70723-136e-4593-8749-e4300df5f23f,shelton.hiv,available,195.99,195.99,medium,low,7,namesilo,,,27/09/2026 01:50
1e0c5d34-d818-4878-bb21-407d50addea1,atop.hiv,available,195.99,195.99,medium,low,4,namesilo,,,28/09/2026 13:10
87e7e77c-88f2-4e29-bdfe-ceff99e79498,unproven.hiv,available,195.99,195.99,medium,low,8,namesilo,,,12/09/2026 17:33
c8e8e15f-62a4-4feb-8d4e-5d0808bb45a7,shift.hiv,available,184.86,184.86,high,medium,5,porkbun,,,27/09/2026 21:11
c96ff3a1-00e7-43e8-a2f3-280618d3990c,terror.hiv,available,184.9,184.9,high,low,6,spaceship,,,28/09/2026 19:24
3ba9f407-1654-451a-aa89-189485a71699,woops.hiv,available,195.99,195.99,medium,low,5,namesilo,,,02/10/2026 00:51
0f07848b-ef5f-46bc-adf6-573ebbad6d89,slate.hiv,available,184.9,184.9,high,medium,5,spaceship,,,28/09/2026 20:30
64dc22ef-f34b-4c17-bf6b-7393cdddd905,keyser.hiv,available,191.75,191.75,medium,low,6,dynadot,,,01/10/2026 11:13
13272a87-5006-4498-b4c8-ce9b664b0073,gingerly.hiv,available,184.99,184.99,medium,low,8,name.com,,,18/08/2026 23:55
ea4112fb-38a8-4005-b47b-56d7e3c6f34a,lear.hiv,available,184.9,184.9,high,low,4,spaceship,,,30/09/2026 17:07
dcee591d-b8cc-4c33-a3f6-ea631d7c32e0,jacobson.hiv,available,191.75,191.75,high,low,8,dynadot,,,28/09/2026 04:07
d4c2beba-1187-4bab-a52c-204a5007cb60,sestet.hiv,available,184.99,184.99,medium,low,6,name.com,,,
a774c2fb-d9ea-49ed-921a-05ccee180848,monastery.hiv,available,184.9,184.9,high,low,9,spaceship,,,28/09/2026 19:54
c4382589-a709-49ca-9bfe-12af5bf33542,treacherous.hiv,available,184.9,184.9,medium,low,11,spaceship,,,30/09/2026 03:44
f34af83b-2e0a-48e1-b458-6a89517d3b9a,hips.hiv,available,184.9,184.9,medium,low,4,spaceship,,,28/09/2026 22:48
c048949d-7038-4a0a-bd67-e7e2e5dbf4a0,academics.hiv,available,184.9,184.9,high,low,9,spaceship,,,01/10/2026 03:36
10c84a0d-8118-4aac-b6e8-c9ef12844b45,transform.hiv,available,184.9,184.9,high,low,9,spaceship,,,28/09/2026 20:53
77205d5f-6e07-40c1-9003-fd9e3a8423e7,pursuit.hiv,available,195.99,195.99,high,low,7,namesilo,,,21/09/2026 09:41
5cd16e78-e9df-41d1-a335-e7d690e97efa,perot.hiv,available,184.9,184.9,medium,low,5,spaceship,,,01/10/2026 15:27
c877eee9-c073-4a53-a65c-1cd0a6e2f25f,bewitched.hiv,available,184.99,184.99,medium,low,9,name.com,,,09/08/2026 18:17
1ff1f266-98c0-46bd-bb51-4fcdeb705448,checker.hiv,available,195.99,195.99,high,low,7,namesilo,,,24/09/2026 13:59
827ac694-d60a-4199-aad5-d31cfcccba39,calves.hiv,available,195.99,195.99,medium,low,6,namesilo,,,29/09/2026 23:18
ef9cd260-7a9e-42b6-9728-86d60031e0f6,counter.hiv,available,184.9,184.9,high,low,7,spaceship,,,01/10/2026 17:51
da5d7d28-c45a-48f5-bdf6-936a68c4dc97,donor.hiv,available,195.99,195.99,high,low,5,namesilo,,,23/09/2026 10:42
47825aba-456c-4fef-805b-d05d2a40b938,applicants.hiv,available,184.9,184.9,medium,low,10,spaceship,,,30/09/2026 16:22
5df8b2be-ed03-46b5-9e44-641645fd5601,lost.hiv,available,195.99,195.99,high,low,4,namesilo,,,22/09/2026 10:52
c8badd9a-468d-4f24-a19a-4f5010b1897e,apologize.hiv,available,191.75,191.75,high,low,9,dynadot,,,30/09/2026 15:06
d2cbb469-30dc-43b1-9ba0-b1e9a37a5664,calciferol.hiv,available,184.99,184.99,high,low,10,name.com,,,13/08/2026 15:07
f49c2ea7-0c97-4a8d-9808-47c3c3257766,aeneas.hiv,available,195.99,195.99,medium,low,6,namesilo,,,17/09/2026 12:27
9e894f21-eb47-4fc3-bc24-1c8ee1ea8b0a,bourbon.hiv,available,195.99,195.99,high,low,7,namesilo,,,24/09/2026 07:37
6b952ae3-ffea-481f-bb96-0ef88fcc3f22,automobile.hiv,available,184.9,184.9,high,low,10,spaceship,,,28/09/2026 23:26
65a3f0e7-898c-419d-9c73-91bbcdbaf96b,flawlessly.hiv,available,184.99,184.99,medium,low,10,name.com,,,12/08/2026 10:23
1e87d254-cce7-4151-af8f-a2ea6a98f08b,clouded.hiv,available,184.99,184.99,medium,low,7,name.com,,,12/08/2026 12:27
a93a58c1-aa87-46be-9c63-1308773e6bba,ribbed.hiv,available,184.99,184.99,medium,low,6,name.com,,,13/08/2026 03:08
8cd40266-a8b5-4cfe-955f-a153f79177d4,unfunny.hiv,available,195.99,195.99,medium,low,7,namesilo,,,12/09/2026 11:05
0b829c66-38d7-414e-b592-8aa416d3fee9,trumpcare.hiv,available,184.99,,medium,low,10,name.com,,,
0822186f-54ff-4bb7-965a-95e36b145f54,parke.hiv,available,191.75,191.75,medium,low,5,dynadot,,,28/09/2026 22:16
1b3602ab-0a89-4a92-9ae6-7b11a6dc0999,during.hiv,available,191.75,191.75,medium,low,6,dynadot,,,01/10/2026 01:36
407110fa-1236-4ee9-853e-0f47d5fdf9c3,bitewing.hiv,available,195.99,195.99,medium,low,8,namesilo,,,23/09/2026 22:28
aba803cc-e75c-4cda-9b4d-7df75d6cd7fa,paleozoic.hiv,available,195.99,195.99,medium,low,9,namesilo,,,04/09/2026 23:39
21703da8-935e-468e-85d5-065beb07c91f,aggro.hiv,available,184.99,184.99,medium,low,5,name.com,,,17/09/2026 17:46
f31d54cc-c9da-457d-8779-4609398b3f6c,rumored.hiv,available,195.99,195.99,medium,low,7,namesilo,,,01/10/2026 06:08
06ff9448-28ac-4011-9902-c78b5f49ed1d,coughing.hiv,available,191.75,191.75,medium,low,8,dynadot,,,29/09/2026 18:29
8f0d7f88-0ace-427d-9e23-61ac3e8e9f5a,divorcing.hiv,available,195.99,195.99,low,low,9,namesilo,,,17/09/2026 22:37
bee94ec4-bc4d-469d-8f77-3cdb9ba28978,communally.hiv,available,195.99,195.99,high,low,10,namesilo,,,14/09/2026 07:33
5ca76889-d275-415f-b02d-cc0c6d7f6c8d,phrasal.hiv,available,,,high,medium,7,,,,08/09/2026 19:19
991b0707-c83a-41e5-8294-e018aa529a68,sprague.hiv,available,195.99,195.99,medium,low,7,namesilo,,,28/09/2026 08:05
b4c02a57-b52b-4d1c-82ef-420ded891413,centerpiece.hiv,available,195.99,195.99,high,low,11,namesilo,,,01/10/2026 06:15
9a540c0e-6478-4715-a5ab-54b6f971b3c3,bifocal.hiv,available,184.99,184.99,medium,low,7,name.com,,,09/08/2026 20:03
f1c2ce35-f78a-4156-b9d5-233827bfa247,bayonet.hiv,available,,,high,low,7,,,,22/09/2026 18:04
b681a2e1-4b5a-498c-af13-168f0d73f256,cursively.hiv,available,195.99,195.99,medium,low,9,namesilo,,,14/09/2026 10:07
498508e3-56d5-492a-bbcd-cae0d5b929b1,determines.hiv,available,195.99,195.99,medium,low,10,namesilo,,,19/09/2026 23:58
ab93b698-0ac3-44bb-a62f-dd35e2b70474,zamora.hiv,available,184.9,184.9,high,low,6,spaceship,,,29/09/2026 15:40
8a92bf98-57de-4ae6-8634-50c7404e4253,afloat.hiv,available,195.99,195.99,high,low,6,namesilo,,,01/10/2026 01:51
a1b67578-ac13-46de-a516-a8138724d713,deity.hiv,available,,,high,low,5,,,,24/09/2026 21:23
bf09ec09-c2e8-40ae-9c0c-ce546fce57b9,sublunary.hiv,available,184.99,184.99,medium,low,9,name.com,,,12/08/2026 08:28
be40fd22-798d-4fc7-95eb-6acdb2df59ce,odor.hiv,available,195.99,195.99,high,low,4,namesilo,,,20/09/2026 08:25
a6029a1c-632e-49e7-88eb-a4d9b8df9651,baal.hiv,available,195.99,195.99,high,low,4,namesilo,,,21/09/2026 12:05
2513d92f-19ab-4c04-8a41-b0f9ee95339e,approach.hiv,available,184.99,184.99,high,low,8,name.com,,,06/08/2026 08:44
3410d3b6-92cb-49ec-abec-0155e241b131,spirituality.hiv,available,184.86,184.86,high,low,12,porkbun,,,30/09/2026 06:12
c0b7aea2-5c1e-489b-b4aa-f79c3f0afcd3,multilane.hiv,available,195.99,195.99,medium,low,9,namesilo,,,03/09/2026 10:43
906376ee-8d65-4179-b37d-d246659d161e,wada.hiv,available,184.9,184.9,high,low,4,spaceship,,,01/10/2026 14:19
6e96346b-53b0-4524-8512-8e61cd0b1921,berceuse.hiv,available,195.99,195.99,high,low,8,namesilo,,,23/09/2026 09:10
11694a33-4c70-4cd4-8b4c-d5d3c903aec2,tyrone.hiv,available,191.75,191.75,high,low,6,dynadot,,,29/09/2026 20:57
65a7591d-2eb5-4bb4-b98e-f074b3958592,colombo.hiv,available,195.99,195.99,high,low,7,namesilo,,,29/09/2026 07:00
ac73efe7-9982-49a8-8e45-673b476cc661,audad.hiv,available,195.99,195.99,medium,low,5,namesilo,,,18/09/2026 22:16
11d6f539-fd23-4965-a3b7-fd3ce5b23dd2,nimbly.hiv,available,,,medium,low,6,,,,13/09/2026 18:18
25b9f2ef-49f8-4cd8-8dc1-91ca9c6dcbda,sion.hiv,available,195.99,195.99,high,low,4,namesilo,,,28/09/2026 06:03
aa9e52b9-35d0-49d9-bf36-fd1a9636e6ea,predaceous.hiv,available,195.99,195.99,high,medium,10,namesilo,,,09/09/2026 01:22
531aab1d-cad5-40fb-a6f2-94c6259d2b06,neurogenic.hiv,available,195.99,195.99,medium,low,10,namesilo,,,03/09/2026 16:12
237a1810-6595-4485-934d-ef39f949b82a,forms.hiv,available,195.99,195.99,high,low,5,namesilo,,,17/09/2026 09:39
21bc1acc-1174-4c5d-bd05-0ce84ddfc754,albuterol.hiv,available,184.99,184.99,high,low,9,name.com,,,18/09/2026 03:32
966b030b-b0f5-4a7c-970e-3cedc7957f11,microscopic.hiv,available,184.9,184.9,high,low,11,spaceship,,,29/09/2026 08:46
402c346d-e26f-4b6e-8e6f-459d277a24d5,courtly.hiv,available,184.99,184.99,high,low,7,name.com,,,13/08/2026 03:50
192985e5-78ee-4e50-86e2-0b964aba172a,marvel.hiv,available,191.75,191.75,high,low,6,dynadot,,,30/09/2026 03:58
ed582476-92de-4a18-8111-19d7606e23ae,arching.hiv,available,184.99,184.99,medium,low,7,name.com,,,06/08/2026 14:39
955f2795-0434-41c1-a27e-2b29ba5e7a8c,shatter.hiv,available,191.75,191.75,medium,low,7,dynadot,,,30/09/2026 19:13
900f4b27-8b0e-492b-8d97-4533b8a87a32,forked.hiv,available,184.99,184.99,high,low,6,name.com,,,09/08/2026 20:14
c60eb96e-649f-402f-a372-d6a7cc85ef12,methane.hiv,available,195.99,195.99,high,low,7,namesilo,,,29/09/2026 13:25
dcdea14d-fb65-440c-afc3-e58b207b5272,upended.hiv,available,195.99,195.99,medium,low,7,namesilo,,,12/09/2026 23:06
ebc85d3c-53f8-462f-881c-35a3adb03b63,lafayette.hiv,available,184.9,184.9,high,low,9,spaceship,,,30/09/2026 01:47
eaa1251b-a0de-41ff-9cad-5fc6c4f7cbf0,cyprinid.hiv,available,184.99,184.99,medium,low,8,name.com,,,13/08/2026 14:27
70299fb6-3d02-44f2-be7c-8ed17ac7fa11,plo.hiv,available,195.99,195.99,medium,low,3,namesilo,,,28/09/2026 10:40
0e15f193-81d2-43d1-9a29-fb0492d4f6a4,frustration.hiv,available,184.9,184.9,medium,low,11,spaceship,,,28/09/2026 17:13
64dc5078-35c3-4e78-b1ac-58008320d4b3,scorpion.hiv,available,195.99,195.99,high,low,8,namesilo,,,30/09/2026 02:48
06d8f05c-2b7f-47ed-8546-7e5f285af64a,stevenson.hiv,available,195.99,195.99,high,low,9,namesilo,,,17/09/2026 08:37
6adaea5e-05f3-44a1-9d23-3b51d23bd336,neotenous.hiv,available,195.99,195.99,medium,low,9,namesilo,,,03/09/2026 15:33
b6997a45-5838-43f3-b0d3-7860032fd4c7,whim.hiv,available,195.99,195.99,high,low,4,namesilo,,,24/09/2026 12:39
ae2e1706-00e3-4cb7-8d45-6ababf6e8b5c,rihanna.hiv,available,,,high,low,7,,,,
0d54f105-b77d-4074-967b-e43dc44cc404,wandering.hiv,available,184.99,,high,low,9,name.com,,,25/09/2026 21:06
6b80b1c4-d330-400d-8199-91a3ccc735ee,clxxv.hiv,available,184.99,184.99,medium,low,5,name.com,,,
94429668-937d-423f-af0d-57dd11ffff89,fta.hiv,available,195.99,195.99,high,low,3,namesilo,,,30/09/2026 15:03
e9a080fa-3842-4923-9913-436fbfe6127e,angelic.hiv,available,195.99,195.99,high,low,7,namesilo,,,22/09/2026 04:25
c450326f-8d83-46ed-89e7-b75c4e473bd6,attica.hiv,available,195.99,195.99,medium,low,6,namesilo,,,21/09/2026 01:42
b0d7acda-0979-49fd-99a7-43dc7c737c3c,palgrave.hiv,available,184.9,184.9,medium,low,8,spaceship,,,01/10/2026 19:38
dfef5eb6-3b87-4bd5-82b3-b778e1693ee5,fiercely.hiv,available,195.99,195.99,medium,low,8,namesilo,,,28/09/2026 14:52
7c53c02e-ea43-44be-b59f-60042e8f7a34,quail.hiv,available,184.9,184.9,high,low,5,spaceship,,,01/10/2026 02:11
0a7b4a66-f980-47b0-9cb2-c9a76c28360b,justin.hiv,available,195.99,195.99,high,medium,7,namesilo,,,25/09/2026 16:02
0f821566-1e02-4e23-af97-bb73cbc9dd4b,thorns.hiv,available,195.99,195.99,medium,low,6,namesilo,,,30/09/2026 23:36
12cfcaf0-d26c-4e32-848e-ebc5af971440,alkene.hiv,available,195.99,195.99,medium,low,6,namesilo,,,18/09/2026 08:28
a98cc927-b2e6-4b39-bd4e-25669859dba3,barnum.hiv,available,195.99,195.99,medium,low,6,namesilo,,,22/09/2026 06:55
7859ca27-f21a-4322-a722-62d01b94b0cf,hid.hiv,available,195.99,195.99,medium,low,3,namesilo,,,26/09/2026 03:17
d5a7f088-b905-44e5-a14c-fbaa863cfd6c,coupon.hiv,available,195.99,195.99,high,low,6,namesilo,,,24/09/2026 18:44
7cd9645d-8a17-4d86-8218-619e725b91d8,gage.hiv,available,184.99,184.99,high,low,4,name.com,,,18/08/2026 19:51
e2f8a140-e3c3-4793-8fb9-cdaa1bde63b0,iniquity.hiv,available,184.99,184.99,medium,low,8,name.com,,,17/08/2026 15:08
bdfc6a3e-ce89-4bce-95de-fd5a83ac5b33,lump.hiv,available,184.9,184.9,medium,low,4,spaceship,,,29/09/2026 00:25
0f719a19-b3a4-422f-aafd-893c84c922ea,flavor.hiv,available,195.99,195.99,high,low,6,namesilo,,,28/09/2026 14:12
acbbf485-99ae-48fc-9bca-eb19a1b03a8c,forging.hiv,available,195.99,195.99,high,low,7,namesilo,,,30/09/2026 17:22
f6c61c42-4c6b-4a2c-ab64-b4102c3c7702,spacetravel.hiv,available,184.99,,high,low,12,name.com,,,
69e71948-4252-4bed-8753-c6ceac0c4cf5,skyward.hiv,available,184.99,184.99,high,low,7,name.com,,,21/08/2026 05:26
89fd2dfe-9d3a-424c-a80c-c953a68f6b77,baptistry.hiv,available,195.99,195.99,medium,low,9,namesilo,,,22/09/2026 03:28
7674507a-695a-45aa-a2e6-0978fd564b4b,dawdler.hiv,available,184.99,184.99,medium,low,7,name.com,,,22/08/2026 18:40
4036c31f-6b8d-485a-8013-ddd79757f7b3,aviary.hiv,available,195.99,195.99,high,low,6,namesilo,,,21/09/2026 09:22
acbb0ea0-a50f-4483-9f23-54261f1ebe71,emperor.hiv,available,195.99,195.99,high,low,7,namesilo,,,28/09/2026 01:49
c5f9bb06-9218-4d14-a3cf-0baa7d89e4ba,harlot.hiv,available,184.99,184.99,medium,low,6,name.com,,,13/08/2026 14:19
570cd0af-3769-4b5a-bb29-643343a43515,lunger.hiv,available,184.99,184.99,medium,low,6,name.com,,,12/08/2026 23:06
7e762775-fd89-4fe7-a1bf-76361a91e3a3,brainy.hiv,available,184.99,184.99,high,low,6,name.com,,,11/08/2026 01:53
0d1ac959-39c4-44a6-9f0c-5e23e18bdb95,lumpen.hiv,available,184.99,184.99,medium,low,6,name.com,,,24/08/2026 11:14
37917df2-968f-41d1-8bc5-f6df3652d3d1,worlds.hiv,available,195.99,195.99,high,low,6,namesilo,,,18/09/2026 17:40
2885f0e4-f8c5-4286-81c2-cfabecd3ebdb,chelonian.hiv,available,184.99,184.99,low,low,9,name.com,,,12/08/2026 04:08
0ad57424-1625-4a8d-b452-c5a40822ad95,bend.hiv,available,195.99,195.99,high,low,4,namesilo,,,23/09/2026 07:40
941e7488-80de-4eca-b5a2-d1f35c10475f,hoop.hiv,available,195.99,195.99,high,low,4,namesilo,,,22/09/2026 11:23
40f7e3f9-c61a-4280-9ded-5f79ce327b16,arced.hiv,available,184.99,184.99,medium,low,5,name.com,,,06/08/2026 14:28
c633acce-27ec-4854-b343-50adde65d346,yao.hiv,available,195.99,195.99,medium,low,3,namesilo,,,28/09/2026 07:58
344a88bd-457b-4dad-a01d-011ad73e83ce,torino.hiv,available,184.9,184.9,high,low,6,spaceship,,,29/09/2026 02:19
6781990e-bf22-474a-bb76-393ab587d4d2,soviet.hiv,available,195.99,195.99,high,medium,6,namesilo,,,10/09/2026 15:00
81e4a6a0-3ab1-4418-9dfc-6f33ca8a4fdb,susquehanna.hiv,available,195.99,195.99,medium,low,11,namesilo,,,27/09/2026 01:59
72123972-bce3-4541-ab93-4ca30d1f960b,deplorable.hiv,available,184.99,184.99,medium,low,10,name.com,,,12/08/2026 20:22
665c38ed-8e21-4f4f-a6ad-481d3ec1ddc2,pediatrist.hiv,available,195.99,195.99,high,low,10,namesilo,,,21/09/2026 13:27
682dca3f-facb-48a0-ab7e-0ffbe3fdfac9,incite.hiv,available,195.99,195.99,high,low,6,namesilo,,,09/09/2026 03:18
5746db99-7744-4d68-83f6-dc6e93aea714,sise.hiv,available,184.99,184.99,medium,low,4,name.com,,,
9bc1dc4c-bc0a-4494-8e40-5eb8ccaec9ba,features.hiv,available,184.86,184.86,medium,low,8,porkbun,,,28/09/2026 12:52
aeb2c5c4-7ee7-4d41-87e9-c2297686fd88,masquerade.hiv,available,195.99,195.99,high,low,10,namesilo,,,30/09/2026 17:17
693e8d24-25fe-4012-82a3-2fb607889771,lipscomb.hiv,available,191.75,191.75,medium,low,8,dynadot,,,30/09/2026 17:55
185a8320-32c2-4790-8578-984077d2b334,dee.hiv,available,195.99,195.99,high,low,3,namesilo,,,28/09/2026 03:28
3fd0cfdd-f49e-4e49-b211-21b351560d7a,corps.hiv,available,184.9,184.9,high,low,5,spaceship,,,28/09/2026 22:09
a0810cdd-1d37-463a-95f4-c7520040a03b,atomistic.hiv,available,184.99,184.99,low,low,9,name.com,,,07/08/2026 13:42
7066f69d-67bb-48d2-af25-e263048f8ec5,package.hiv,available,195.99,195.99,high,low,7,namesilo,,,24/09/2026 07:42
bffd5e64-374b-4bb0-b790-657018eeb54e,largely.hiv,available,195.99,195.99,medium,low,7,namesilo,,,28/09/2026 14:55
be623757-a3ac-48ef-b638-089d665f2dc5,mackay.hiv,available,195.99,195.99,medium,low,6,namesilo,,,25/09/2026 16:20
fcd25a49-2757-49fb-85aa-0a3d439a30c0,keene.hiv,available,195.99,195.99,high,low,5,namesilo,,,28/09/2026 03:36
7e996afd-7ec9-4372-bc4c-9606475e8c10,bathroom.hiv,available,195.99,195.99,high,low,8,namesilo,,,27/09/2026 06:27
3b0daad5-764e-404a-be82-970dfedcb524,alcedo.hiv,available,195.99,195.99,high,low,6,namesilo,,,18/09/2026 03:52
17b895a0-2c43-4b89-8443-741456df0740,davies.hiv,available,184.9,184.9,medium,low,6,spaceship,,,29/09/2026 03:54
84539da6-2351-4fc5-af57-b88ac3dbc1d5,shiner.hiv,available,195.99,195.99,medium,low,6,namesilo,,,24/09/2026 00:40
3b864ed4-95b0-444e-bcc2-44e7e0dc8f5a,carnage.hiv,available,195.99,195.99,medium,low,7,namesilo,,,02/10/2026 04:17
50a47006-a0e5-415e-a31f-26343d6f4c07,dowry.hiv,available,184.99,184.99,medium,low,5,name.com,,,24/09/2026 23:36
8b44e290-58d9-4945-9295-f1cea4c2ecb7,lewdly.hiv,available,195.99,195.99,low,low,6,namesilo,,,15/09/2026 11:12
be394f70-d8a1-4809-8ea0-c7f86b93eef2,nutrition.hiv,available,195.99,195.99,high,low,9,namesilo,,,18/09/2026 07:53
9931f6c5-1c49-40d8-babc-1e4853ba7978,yesteryear.hiv,available,195.99,195.99,high,low,10,namesilo,,,08/09/2026 10:02
4cc8a9d2-f6ba-4f18-9ef1-6af704f1e72b,shipboard.hiv,available,195.99,195.99,high,medium,9,namesilo,,,10/09/2026 06:35
b142c1bf-7420-4ae0-9907-edec289bb2c3,plough.hiv,available,195.99,195.99,medium,low,6,namesilo,,,23/09/2026 14:29
4535e23b-6f3b-43f0-b904-e1efc06a12fa,spared.hiv,available,184.9,184.9,low,low,6,spaceship,,,28/09/2026 17:48
3b70776d-ad45-4b9b-8e14-0025152a0369,defending.hiv,available,184.99,184.99,high,low,9,name.com,,,13/08/2026 23:13
28ad2c28-6914-4526-b25c-f3530b9bf8cb,considering.hiv,available,195.99,195.99,medium,low,11,namesilo,,,26/09/2026 03:06
8346b9d0-5692-4fdd-8f7b-c1ac1a6a06c8,bunch.hiv,available,195.99,195.99,high,low,5,namesilo,,,29/09/2026 05:23
bdede379-1557-4e9f-8e74-5371c6cd379e,avicenna.hiv,available,195.99,195.99,high,low,8,namesilo,,,16/09/2026 18:41
79d8f051-ca11-4f95-8e16-fb248f47c7a2,ascension.hiv,available,184.99,184.99,high,low,9,name.com,,,07/08/2026 00:30
d1bb5ecb-ff4b-4369-987d-6fd0f536fa14,rouge.hiv,available,195.99,195.99,high,medium,5,namesilo,,,29/09/2026 07:59
cd9561fa-7d80-47b5-ad77-f586aaa5ca14,unpatented.hiv,available,195.99,195.99,medium,low,10,namesilo,,,12/09/2026 16:29
e532bc46-ccc9-4d99-9fa8-1c50a405f85a,total.hiv,available,195.99,195.99,high,medium,5,namesilo,,,21/09/2026 22:55
c5069c7d-1121-4a6c-bacb-73f026efe839,ejection.hiv,available,184.9,184.9,medium,low,8,spaceship,,,01/10/2026 01:50
fd38bd56-2590-473d-bc0f-65cb77869a2c,emmy.hiv,available,195.99,195.99,high,low,4,namesilo,,,29/09/2026 06:46
1ec09303-a2e2-4552-a698-027e49900b68,unforgettable.hiv,available,184.9,184.9,high,low,13,spaceship,,,01/10/2026 05:39
7dc99566-e814-4af5-ad27-4ab824385801,autolytic.hiv,available,184.99,184.99,medium,low,9,name.com,,,07/08/2026 20:42
40271a54-8c0b-4813-925c-ded39b8869a2,clxv.hiv,available,184.99,184.99,medium,low,4,name.com,,,
a41994f8-1b89-48ea-a277-fc7e8d9a58b7,ref.hiv,available,184.9,184.9,high,low,3,spaceship,,,01/10/2026 21:28
e9a80997-0c08-4a5b-a77e-85695ce94132,teachings.hiv,available,184.86,184.86,high,low,9,porkbun,,,29/09/2026 23:08
0e1a5b9a-8692-4d18-8a75-5bfa206e6aff,alca.hiv,available,195.99,195.99,high,low,4,namesilo,,,18/09/2026 03:36
dc7633f3-ecb9-47ee-8360-4b25460b9df8,urbanized.hiv,available,195.99,195.99,medium,low,9,namesilo,,,12/09/2026 23:29
9634f5b9-f630-4d40-99ba-ec4f61519167,testator.hiv,available,195.99,195.99,medium,low,8,namesilo,,,11/09/2026 12:02
a7a47734-b250-4e8c-8ce4-7df3f528f35f,adhesive.hiv,available,184.99,184.99,high,low,8,name.com,,,
363f66cf-1b24-4b28-943b-22dd1d7499ae,westside.hiv,available,195.99,195.99,high,low,8,namesilo,,,13/09/2026 11:00
1d876139-21ea-46d0-a0f3-e036800700e6,laurie.hiv,available,195.99,195.99,high,low,6,namesilo,,,25/09/2026 17:15
2743f40a-1d66-4ac6-b0dd-b937ffd14138,factor.hiv,available,195.99,195.99,high,low,6,namesilo,,,29/09/2026 04:30
0e7b0e3e-7229-47b1-8d62-decbd1d6a462,blowzy.hiv,available,184.99,184.99,medium,low,6,name.com,,,10/08/2026 15:41
1a7b547c-9cb3-4ee9-a69f-41074b42a75e,abasia.hiv,available,195.99,195.99,medium,low,6,namesilo,,,16/09/2026 14:05
4114947a-8ce0-4d59-a0d7-f55d6ecb3daa,reviving.hiv,available,195.99,195.99,high,low,8,namesilo,,,09/09/2026 14:08
8293359f-5174-44f7-aa33-44161482f169,miscible.hiv,available,184.99,184.99,medium,low,8,name.com,,,25/08/2026 01:23
10589676-a6f7-49b4-8d2d-7ab785a2dde8,wentworth.hiv,available,195.99,195.99,high,low,9,namesilo,,,25/09/2026 21:47
b8504555-0bda-434a-9f02-b97406fe2199,limbs.hiv,available,195.99,195.99,medium,low,5,namesilo,,,29/09/2026 04:58
8af71aed-46c1-43bf-99db-4b1ceed0f131,scheduled.hiv,available,195.99,195.99,high,low,9,namesilo,,,27/09/2026 18:26
bbbe7833-695c-4778-b7ca-523aeb1e58d0,cared.hiv,available,,,high,low,5,,,,25/09/2026 19:49
0894fbf6-14b3-4b3c-8cc6-16aa69f228ab,insured.hiv,available,184.99,184.99,high,low,7,name.com,,,22/08/2026 07:42
ca06adb7-432a-41f1-9425-a97b4b8250ee,judas.hiv,available,184.9,184.9,medium,low,5,spaceship,,,28/09/2026 19:35
350e33ff-c223-4683-83e8-11d2235ed400,tapering.hiv,available,184.99,184.99,medium,low,8,name.com,,,14/08/2026 21:50
c153bcaa-bfbd-4fbe-ab19-1c1fda3bef85,hasten.hiv,available,195.99,195.99,medium,low,6,namesilo,,,09/09/2026 19:47
91644ee9-28b3-4f9d-95f0-9713d747a733,venturer.hiv,available,184.9,184.9,high,low,8,spaceship,,,01/10/2026 17:18
60d630e9-afcf-4da5-9613-2f6fcc744470,guilt.hiv,available,184.86,184.86,high,low,5,porkbun,,,29/09/2026 21:42
490786fe-b73b-4a0f-b126-a418a0036a19,gamin.hiv,available,195.99,195.99,medium,low,5,namesilo,,,11/09/2026 14:56
d10c4209-e328-43fa-8b9a-ab09fc8e5f94,aldol.hiv,available,195.99,195.99,high,low,5,namesilo,,,18/09/2026 04:25
bd8058a9-a364-4479-9da1-a47612c93dc0,slovakian.hiv,available,195.99,195.99,medium,low,9,namesilo,,,10/09/2026 11:16
c14b7bbc-5301-40e2-8d2c-b99a53b58d57,lesions.hiv,available,195.99,195.99,medium,low,7,namesilo,,,30/09/2026 07:01
30bdf490-ad67-40ce-a800-63ed76e0d8ff,fades.hiv,available,184.9,184.9,medium,low,5,spaceship,,,01/10/2026 00:52
27371b6c-0e48-41f5-916a-e2ed68406cc7,ano.hiv,available,195.99,195.99,high,low,3,namesilo,,,16/09/2026 18:45
23569698-3d4d-4031-952d-ea8ef9596e53,lyric.hiv,available,195.99,195.99,high,low,5,namesilo,,,25/09/2026 15:47
11952819-90ab-4e6a-8a1e-f181b0a39597,appellant.hiv,available,184.99,184.99,medium,low,9,name.com,,,06/08/2026 06:23
c31b3d79-5c6b-40f2-9c8e-3c7f8b44774e,laptops.hiv,available,195.99,195.99,medium,low,7,namesilo,,,20/09/2026 12:33
309eb853-5ede-4060-aad5-3174165ef074,piagetian.hiv,available,,,high,medium,9,,,,08/09/2026 19:26
052cd3b3-ad2f-47d5-8301-19c7e942b578,flip.hiv,available,184.99,,high,medium,4,name.com,,,24/09/2026 20:06
e13d80f4-5548-41d5-96b2-a06187479cf5,ananias.hiv,available,195.99,195.99,medium,low,7,namesilo,,,19/09/2026 02:03
77faff86-bb0b-4082-b1ec-88312cd2e27e,roadway.hiv,available,184.9,184.9,high,low,7,spaceship,,,01/10/2026 21:33
d8b2071b-d7fd-44c8-85c3-b990e02e830f,wordy.hiv,available,184.99,184.99,medium,low,5,name.com,,,24/08/2026 09:32
d0111de1-9789-4630-b72d-e655613775a8,baobab.hiv,available,195.99,195.99,medium,low,6,namesilo,,,17/09/2026 06:21
8b37c72b-9489-4ce2-87e6-ac4b046dc6c7,fastgrowing.hiv,available,184.99,,high,low,12,name.com,,,
4b49f0d4-43ef-46f8-80d9-67300f5cfcd3,ortega.hiv,available,195.99,195.99,medium,low,6,namesilo,,,28/09/2026 05:29
e639944c-0058-4c4f-9dae-1a8acf0c84d6,baht.hiv,available,195.99,195.99,medium,low,4,namesilo,,,21/09/2026 18:46
1cc90d12-f6b3-4343-9cf0-c2ba875bea08,depraved.hiv,available,184.99,184.99,medium,low,8,name.com,,,14/08/2026 02:29
54d27ddf-d33a-4ece-8677-915cedb35a6a,aside.hiv,available,195.99,195.99,high,low,5,namesilo,,,28/09/2026 12:23
a5c10cf1-124d-4dd4-9493-874b7e802265,nett.hiv,available,195.99,195.99,medium,low,4,namesilo,,,03/09/2026 15:52
306e45b6-a004-4143-b6db-e1e4bfe960f7,assur.hiv,available,195.99,195.99,high,low,5,namesilo,,,20/09/2026 16:41
5c7d817f-5cdb-498d-906f-5dca2458f5e9,flanges.hiv,available,184.86,184.86,medium,low,7,porkbun,,,30/09/2026 15:50
2aa0b708-9e9d-4dc3-9005-1bb84555424e,artificer.hiv,available,195.99,195.99,high,low,9,namesilo,,,20/09/2026 11:38
9d85d072-c877-47f3-ac35-31caeac9a0ad,measures.hiv,available,195.99,195.99,medium,low,8,namesilo,,,28/09/2026 08:34
91b86b85-3b56-44ec-a2fc-7a0ec48920f0,omissive.hiv,available,195.99,195.99,medium,low,8,namesilo,,,04/09/2026 02:28
67d293b9-4ce5-40f6-aefd-1d6e1a1e1c47,fantastic.hiv,available,195.99,195.99,high,medium,9,namesilo,,,22/09/2026 06:18
6ceaca46-309d-4bc4-97a7-c1634ad01c22,kidneys.hiv,available,195.99,195.99,medium,low,7,namesilo,,,29/09/2026 05:38
338b6670-9350-4c63-b7a9-daaabb8dcee5,sse.hiv,available,195.99,195.99,high,low,3,namesilo,,,16/09/2026 05:18
80fef5cd-5986-41d1-9364-702f7a65288b,bargee.hiv,available,195.99,195.99,medium,low,6,namesilo,,,22/09/2026 05:47
8b6e8e03-76c6-48f8-8a74-6e25140ab12d,zonal.hiv,available,195.99,195.99,medium,low,5,namesilo,,,13/09/2026 15:29
f032e62b-33b4-4ec8-937b-d8bbf4a7af25,southwest.hiv,available,184.9,184.9,medium,low,9,spaceship,,,28/09/2026 13:09
c202eb59-10d2-4354-ad07-504438d2c74b,terrace.hiv,available,184.9,184.9,medium,low,7,spaceship,,,28/09/2026 20:08
48e29e05-6205-4270-8d21-88ef254c7d30,cutaneous.hiv,available,184.99,184.99,medium,low,9,name.com,,,13/08/2026 12:54
ab4c778c-bead-4720-9c68-31dbcacfb7e8,harry.hiv,available,184.86,184.86,high,low,5,porkbun,,,29/09/2026 07:09
6381f43f-95e4-41b3-b672-f55bfab32143,hipped.hiv,available,184.99,184.99,medium,low,6,name.com,,,21/08/2026 09:41
dede1861-5003-45a1-aa56-74c74b24b3b1,flogging.hiv,available,184.99,184.99,medium,low,8,name.com,,,22/08/2026 20:16
0ec7f7d1-b775-4172-82cc-86ce30289a90,sills.hiv,available,195.99,195.99,high,low,5,namesilo,,,23/09/2026 06:04
a05dd3be-f002-4f6f-9b28-92ebda961cb4,recyclable.hiv,available,195.99,195.99,high,low,10,namesilo,,,09/09/2026 11:31
894703e6-72a2-4329-b61a-2170be0dd75d,djiboutian.hiv,available,184.99,184.99,medium,low,10,name.com,,,14/08/2026 14:08
6db6f7b5-529d-470b-8033-b38cf6ed81b0,adrien.hiv,available,195.99,195.99,medium,low,6,namesilo,,,02/10/2026 03:15
7a3851f1-f3cd-4be9-9a6e-0e168bda2960,naively.hiv,available,195.99,195.99,medium,low,7,namesilo,,,15/09/2026 16:00
577d6455-df60-40f0-ad3d-c8146515eb0f,glassless.hiv,available,184.99,184.99,medium,low,9,name.com,,,20/08/2026 14:11
b8eb2dfa-61bb-4fc7-a60c-8a6b183a1545,dynasty.hiv,available,184.86,184.86,high,low,7,porkbun,,,28/09/2026 13:57
79a0f767-a0f0-4461-833a-d5862693f0f8,alcides.hiv,available,195.99,195.99,medium,low,7,namesilo,,,18/09/2026 04:05
6843d468-0ed9-452c-970e-1447a512cecc,csf.hiv,available,191.75,191.75,medium,low,3,dynadot,,,29/09/2026 06:05
ac251286-acef-4ee4-a063-43a5e6f43ff3,slayer.hiv,available,195.99,195.99,high,low,6,namesilo,,,30/09/2026 02:06
dee6b2b7-3634-4a7a-a679-f9e71ff6d621,bright.hiv,available,195.99,195.99,high,medium,6,namesilo,,,23/09/2026 09:27
d8c9ca40-91ff-4da7-a4fc-10650a945d17,eatable.hiv,available,184.99,184.99,medium,low,7,name.com,,,12/08/2026 18:47
a23c22b4-f500-40e8-a8d2-41f5e37f9948,occurred.hiv,available,195.99,195.99,medium,low,8,namesilo,,,18/09/2026 13:50
be4ba31f-4d8f-4e32-b3f7-451c491a5d53,limp.hiv,available,184.99,184.99,medium,low,4,name.com,,,23/08/2026 12:39
67f18d77-cf5d-4465-8f00-37417aa267f5,uncultured.hiv,available,195.99,195.99,medium,low,10,namesilo,,,12/09/2026 06:38
7db07e77-4232-41ed-bf9b-3a3d3afb5dbb,agelong.hiv,available,184.99,184.99,medium,low,7,name.com,,,
d78feedb-e909-4003-901d-6790b9859824,provinces.hiv,available,195.99,195.99,medium,low,9,namesilo,,,18/09/2026 15:35
062d88cd-97de-4cdf-9568-c805c5f757b5,llewellyn.hiv,available,191.75,191.75,medium,low,9,dynadot,,,29/09/2026 09:48
da1fead5-4dc8-4fcc-b6b4-795fad0aaf85,arui.hiv,available,195.99,195.99,medium,low,4,namesilo,,,18/09/2026 22:15
d64ac0da-53ce-41ab-9e07-e71dca182b3e,perfidy.hiv,available,195.99,195.99,medium,low,7,namesilo,,,23/09/2026 11:25
81356440-dd22-4dce-8e3c-92fea128bbac,pumped.hiv,available,195.99,195.99,high,low,6,namesilo,,,29/09/2026 03:14
658ea452-7e6d-4f15-aedf-1943834db4ca,chromosomes.hiv,available,195.99,195.99,medium,low,11,namesilo,,,01/10/2026 00:36
b88ccd7d-4fea-4c29-b9db-433c9ec0b24a,various.hiv,available,184.9,184.9,high,low,7,spaceship,,,28/09/2026 10:11
ac1ea0c6-6af1-484e-b6f8-f5d333aca9e6,aia.hiv,available,184.9,184.9,high,low,3,spaceship,,,28/09/2026 21:25
42bb04fd-ddcf-40b7-bb5c-fefa280b37b6,abetment.hiv,available,195.99,195.99,high,low,8,namesilo,,,16/09/2026 15:17
6988fe19-de93-44a8-b3f5-ec4c184d3d51,warships.hiv,available,184.9,184.9,medium,low,8,spaceship,,,01/10/2026 18:32
9cf4976b-63fe-48b5-9b77-6c13d2fb120d,textbook.hiv,available,195.99,195.99,high,low,8,namesilo,,,23/09/2026 13:09
67480f0e-7493-4586-9eb4-cfd868e21b49,clawed.hiv,available,184.99,184.99,medium,low,6,name.com,,,12/08/2026 10:02
4384990b-04cc-4679-9ed3-0164dd1a7e08,sternal.hiv,available,,,medium,low,7,,,,10/09/2026 20:18
36d0e635-2993-4225-bb36-8ac2e449b7a6,thereof.hiv,available,195.99,195.99,medium,low,7,namesilo,,,16/09/2026 08:41
e2d3407d-8bea-4a4f-9fb1-66db5cad8f20,remake.hiv,available,184.86,184.86,high,low,6,porkbun,,,30/09/2026 10:58
228745c9-aafe-4e17-9728-94cafaff6438,sanity.hiv,available,184.9,184.9,high,low,6,spaceship,,,29/09/2026 13:55
2479ee22-7654-4568-924e-c6effb557823,pillow.hiv,available,195.99,195.99,high,low,6,namesilo,,,28/09/2026 02:55
a98f6d26-dfc4-42be-a65e-ba6f86732984,angstrom.hiv,available,195.99,195.99,medium,low,8,namesilo,,,16/09/2026 12:44
6a2f3b5a-0c93-4180-88e2-4622269248bb,overhanded.hiv,available,,,medium,low,10,,,,04/09/2026 20:12
0d4f99e8-59c7-443a-8005-c32ed538f3cd,communicating.hiv,available,184.9,184.9,medium,low,13,spaceship,,,28/09/2026 17:54
bb34a317-890b-426f-9cf7-242e80c4b477,untalented.hiv,available,195.99,195.99,medium,low,10,namesilo,,,11/09/2026 07:26
3e673b2c-2717-48f5-b1c0-954c637f98f7,hymns.hiv,available,184.9,184.9,medium,low,5,spaceship,,,30/09/2026 15:32
9bdda28a-c14a-4ba8-a643-bfa739d51cf7,abutter.hiv,available,,,medium,low,7,,,,16/09/2026 19:36
20d64153-0db7-42cd-b5a1-d8197e5650eb,assumptions.hiv,available,184.9,184.9,medium,low,11,spaceship,,,30/09/2026 00:31
bb638f47-da41-4401-86f0-2495aa55ca4e,courteous.hiv,available,195.99,195.99,high,low,9,namesilo,,,24/09/2026 00:40
86f0cf4c-b2df-4478-8472-ac58eaf7b57e,doughnut.hiv,available,184.9,184.9,medium,low,8,spaceship,,,30/09/2026 14:25
9a01c2ea-e734-4e6c-832b-3ea4617d0ce4,wanly.hiv,available,195.99,195.99,medium,low,5,namesilo,,,16/09/2026 11:19
c0564721-d332-4af6-9f75-b434202e8b9e,granitic.hiv,available,184.99,184.99,medium,low,8,name.com,,,18/08/2026 08:22
9e5e10a7-cc0d-4ca8-84e7-2d190dd0959e,prox.hiv,available,195.99,195.99,medium,low,4,namesilo,,,09/09/2026 04:42
df0a89f5-fd96-4b0c-a807-31e44c03fccf,discretion.hiv,available,195.99,195.99,high,low,10,namesilo,,,24/09/2026 15:03
6dae36d3-55d8-44f0-b584-2bdaf09ef5b6,immanuel.hiv,available,184.9,184.9,medium,low,8,spaceship,,,29/09/2026 11:14
93a9e970-6d09-4f18-8067-436f0e5e2722,isoforms.hiv,available,184.86,184.86,medium,low,8,porkbun,,,30/09/2026 07:43
4ac21e1c-4718-482b-8e34-5ee2ddf1362e,diagram.hiv,available,195.99,195.99,high,low,7,namesilo,,,24/09/2026 22:08
49c0c972-95db-4620-b414-06a3e88f5997,forget.hiv,available,195.99,195.99,medium,low,6,namesilo,,,30/09/2026 15:44
c26441a6-7adc-4ab5-a3b7-4048ccdc688e,explicitly.hiv,available,195.99,195.99,medium,low,10,namesilo,,,14/09/2026 17:07
bb26c1aa-52fc-4ed9-bc4f-3d09a7f40eeb,unlaced.hiv,available,195.99,195.99,medium,low,7,namesilo,,,12/09/2026 14:37
6a4344df-1c05-4209-be05-9789410da428,chaff.hiv,available,184.99,184.99,medium,low,5,name.com,,,22/08/2026 13:50
efca47e8-d8ab-4f0b-b422-a92d27cbcc16,wrecking.hiv,available,191.75,191.75,medium,low,8,dynadot,,,29/09/2026 19:31
3ea09839-988a-4130-b544-8a878fb8895e,swords.hiv,available,184.99,,medium,low,6,name.com,,,
714f2ca3-df75-4541-ac66-f57d25df9f28,stoutness.hiv,available,195.99,195.99,medium,low,9,namesilo,,,04/09/2026 22:03
353f6a03-d01a-4e1a-bae2-81794f5b05af,dope.hiv,available,184.99,184.99,high,low,4,name.com,,,24/08/2026 10:28
13280c17-1551-49a6-80ce-db6805a88191,concrete.hiv,available,184.99,,high,low,8,name.com,,,23/09/2026 19:16
2e53183c-9511-46a0-8ebe-816aa1040714,foetid.hiv,available,184.99,184.99,medium,low,6,name.com,,,18/08/2026 02:26
88481794-f681-4b52-8772-48ba299833e9,auricular.hiv,available,184.99,184.99,medium,low,9,name.com,,,07/08/2026 17:46
6d78a79e-3d41-4926-857d-b8571e35686c,magnetism.hiv,available,195.99,195.99,high,low,9,namesilo,,,30/09/2026 10:31
3fbdd244-b6a8-47a7-ba6c-e4594335d51e,glamourous.hiv,available,184.99,184.99,high,low,10,name.com,,,19/08/2026 00:17
d00ce87a-6273-4b8c-b1b6-604ff40ac2b5,astrolabe.hiv,available,195.99,195.99,high,low,9,namesilo,,,20/09/2026 17:43
c309ee62-34ce-497c-8519-89a94d8eed0c,southward.hiv,available,195.99,195.99,high,medium,9,namesilo,,,10/09/2026 14:49
a4172f4b-c975-4654-82c7-46d4116322cc,abdullah.hiv,available,195.99,195.99,high,low,8,namesilo,,,28/09/2026 03:48
e28a9cc6-fce6-441b-9ec6-d6f1c3b73a68,warranty.hiv,available,191.75,191.75,high,low,8,dynadot,,,29/09/2026 21:39
5beec040-3bfa-4700-83a4-d973dbc2607e,tripod.hiv,available,184.9,184.9,high,low,6,spaceship,,,30/09/2026 19:02
c0a83a5c-2cf0-4c56-b514-62621ba1bad8,fried.hiv,available,184.99,184.99,medium,low,5,name.com,,,13/08/2026 22:34
d88f5533-edd6-4c88-ae28-8dfeeb4d8796,rus.hiv,available,191.75,191.75,high,low,3,dynadot,,,28/09/2026 10:52
6c17652d-faa5-4591-bdfd-a1a54dd64d9b,unscripted.hiv,available,184.99,184.99,medium,low,10,name.com,,,12/09/2026 19:05
9cd79310-0391-4351-b29e-c08c23253bcf,penicillin.hiv,available,195.99,195.99,high,low,10,namesilo,,,30/09/2026 10:50